<?xml version="1.0"?>
<!--<!DOCTYPE metadata SYSTEM "http://www.esri.com/metadata/esriprof80.dtd">-->
<metadata xml:lang="nl"><Esri><MetaID>{F5D2A645-A894-4DDD-B9BC-8F7B43AAC2EE}</MetaID><CreaDate>20081027</CreaDate><CreaTime>11144400</CreaTime><SyncOnce>FALSE</SyncOnce><SyncDate>20081119</SyncDate><SyncTime>14145300</SyncTime><ModDate>20081119</ModDate><ModTime>14145300</ModTime></Esri><idinfo><citation><citeinfo><onlink Sync="TRUE">\\fs\shared\datac\geo\marbound\versioning\2008-10-31_v2.0\ExtendedContShelfAustralia_v2_20081031.shp</onlink><origin>REQUIRED: The name of an organization or individual that developed the data set.</origin><pubdate>REQUIRED: The date when the data set is published or otherwise made available for release.</pubdate><title Sync="TRUE">ExtendedContShelfAustralia_v2_20081031</title><ftname Sync="TRUE">ExtendedContShelfAustralia_v2_20081031</ftname><geoform Sync="TRUE">vector digital data</geoform></citeinfo></citation><native Sync="TRUE">Microsoft Windows XP Version 5.1 (Build 2600) Service Pack 3; ESRI ArcCatalog 9.0.0.535</native><descript><langdata Sync="TRUE">nl</langdata><abstract>REQUIRED: A brief narrative summary of the data set.</abstract><purpose>REQUIRED: A summary of the intentions with which the data set was developed.</purpose></descript><timeperd><current>REQUIRED: The basis on which the time period of content information is determined.</current><timeinfo><sngdate><caldate>REQUIRED: The year (and optionally month, or month and day) for which the data set corresponds to the ground.</caldate></sngdate></timeinfo></timeperd><status><progress>REQUIRED: The state of the data set.</progress><update>REQUIRED: The frequency with which changes and additions are made to the data set after the initial data set is completed.</update></status><spdom><bounding><westbc Sync="TRUE">61.533164</westbc><eastbc Sync="TRUE">173.398219</eastbc><northbc Sync="TRUE">-12.765317</northbc><southbc Sync="TRUE">-64.886847</southbc></bounding><lboundng><leftbc Sync="TRUE">61.533164</leftbc><rightbc Sync="TRUE">173.398219</rightbc><bottombc Sync="TRUE">-64.886847</bottombc><topbc Sync="TRUE">-12.765317</topbc></lboundng></spdom><keywords><theme><themekt>REQUIRED: Reference to a formally registered thesaurus or a similar authoritative source of theme keywords.</themekt><themekey>REQUIRED: Common-use word or phrase used to describe the subject of the data set.</themekey></theme></keywords><accconst>REQUIRED: Restrictions and legal prerequisites for accessing the data set.</accconst><useconst>REQUIRED: Restrictions and legal prerequisites for using the data set after access is granted.</useconst><natvform Sync="TRUE">Shapefile</natvform></idinfo><distInfo><distributor><distorTran><onLineSrc><linkage Sync="TRUE">file://\\fs\shared\datac\geo\marbound\versioning\2008-10-31_v2.0\ExtendedContShelfAustralia_v2_20081031.shp</linkage><protocol Sync="TRUE">Local Area Network</protocol><orDesc Sync="TRUE">002</orDesc></onLineSrc><transSize Sync="TRUE">0.199</transSize></distorTran><distorFormat><formatName Sync="TRUE">Shapefile</formatName></distorFormat></distributor></distInfo><dataqual><lineage><procstep><procdesc Sync="TRUE">Dataset moved.</procdesc><srcused Sync="TRUE">S:\datac\Geo\marbound\Versioning\1 - june 2008\old\ExtendedContShelfAustralia</srcused><date Sync="TRUE">20081027</date><time Sync="TRUE">11144400</time></procstep><procstep><procdesc Sync="TRUE">Dataset moved.</procdesc><srcused Sync="TRUE">S:\datac\Geo\marbound\Versioning\1 - june 2008\ExtendedContShelfAustralia</srcused><date Sync="TRUE">20081027</date><time Sync="TRUE">14582900</time></procstep><procstep><procdesc Sync="TRUE">Dataset moved.</procdesc><srcused Sync="TRUE">S:\datac\Geo\marbound\Versioning\1 - june 2008\Aparte shapes van veranderingen\ExtendedContShelfAustralia</srcused><date Sync="TRUE">20081027</date><time Sync="TRUE">15203600</time></procstep></lineage></dataqual><dataIdInfo><envirDesc Sync="TRUE">Microsoft Windows XP Version 5.1 (Build 2600) Service Pack 3; ESRI ArcCatalog 9.0.0.535</envirDesc><dataLang><languageCode Sync="TRUE" value="nl"></languageCode></dataLang><idCitation><resTitle Sync="TRUE">ExtendedContShelfAustralia_v2_20081031</resTitle><presForm><PresFormCd Sync="TRUE" value="005"></PresFormCd></presForm></idCitation><spatRpType><SpatRepTypCd Sync="TRUE" value="001"></SpatRepTypCd></spatRpType><dataExt><geoEle><GeoBndBox esriExtentType="native"><westBL Sync="TRUE">61.533164</westBL><eastBL Sync="TRUE">173.398219</eastBL><northBL Sync="TRUE">-12.765317</northBL><southBL Sync="TRUE">-64.886847</southBL><exTypeCode Sync="TRUE">1</exTypeCode></GeoBndBox></geoEle></dataExt><geoBox esriExtentType="decdegrees"><westBL Sync="TRUE">61.533164</westBL><eastBL Sync="TRUE">173.398219</eastBL><northBL Sync="TRUE">-12.765317</northBL><southBL Sync="TRUE">-64.886847</southBL><exTypeCode Sync="TRUE">1</exTypeCode></geoBox></dataIdInfo><metainfo><langmeta Sync="TRUE">nl</langmeta><metstdn Sync="TRUE">FGDC Content Standards for Digital Geospatial Metadata</metstdn><metstdv Sync="TRUE">FGDC-STD-001-1998</metstdv><mettc Sync="TRUE">local time</mettc><metextns><onlink Sync="TRUE">http://www.esri.com/metadata/esriprof80.html</onlink><metprof Sync="TRUE">ESRI Metadata Profile</metprof></metextns><metc><cntinfo><cntorgp><cntper>REQUIRED: The person responsible for the metadata information.</cntper><cntorg>REQUIRED: The organization responsible for the metadata information.</cntorg></cntorgp><cntaddr><addrtype>REQUIRED: The mailing and/or physical address for the organization or individual.</addrtype><city>REQUIRED: The city of the address.</city><state>REQUIRED: The state or province of the address.</state><postal>REQUIRED: The ZIP or other postal code of the address.</postal></cntaddr><cntvoice>REQUIRED: The telephone number by which individuals can speak to the organization or individual.</cntvoice></cntinfo></metc><metd Sync="TRUE">20081119</metd></metainfo><mdLang><languageCode Sync="TRUE" value="nl"></languageCode></mdLang><mdStanName Sync="TRUE">ISO 19115 Geographic Information - Metadata</mdStanName><mdStanVer Sync="TRUE">DIS_ESRI1.0</mdStanVer><mdChar><CharSetCd Sync="TRUE" value="004"></CharSetCd></mdChar><mdHrLv><ScopeCd Sync="TRUE" value="005"></ScopeCd></mdHrLv><mdHrLvName Sync="TRUE">dataset</mdHrLvName><distinfo><resdesc Sync="TRUE">Downloadable Data</resdesc><stdorder><digform><digtinfo><transize Sync="TRUE">0.199</transize><dssize Sync="TRUE">0.199</dssize></digtinfo></digform></stdorder></distinfo><spdoinfo><direct Sync="TRUE">Vector</direct><ptvctinf><esriterm Name="ExtendedContShelfAustralia_v2_20081031"><efeatyp Sync="TRUE">Simple</efeatyp><efeageom Sync="TRUE">Polygon</efeageom><esritopo Sync="TRUE">FALSE</esritopo><efeacnt Sync="TRUE">1</efeacnt><spindex Sync="TRUE">TRUE</spindex><linrefer Sync="TRUE">FALSE</linrefer></esriterm><sdtsterm Name="ExtendedContShelfAustralia_v2_20081031"><sdtstype Sync="TRUE">G-polygon</sdtstype><ptvctcnt Sync="TRUE">1</ptvctcnt></sdtsterm></ptvctinf></spdoinfo><spref><horizsys><cordsysn><geogcsn Sync="TRUE">GCS_WGS_1984</geogcsn></cordsysn><geograph><geogunit Sync="TRUE">Decimal degrees</geogunit><latres Sync="TRUE">0.000001</latres><longres Sync="TRUE">0.000001</longres></geograph><geodetic><horizdn Sync="TRUE">D_WGS_1984</horizdn><ellips Sync="TRUE">WGS_1984</ellips><semiaxis Sync="TRUE">6378137.000000</semiaxis><denflat Sync="TRUE">298.257224</denflat></geodetic></horizsys></spref><refSysInfo><RefSystem><refSysID><identCode Sync="TRUE">GCS_WGS_1984</identCode></refSysID></RefSystem></refSysInfo><spatRepInfo><VectSpatRep><topLvl><TopoLevCd Sync="TRUE" value="001"></TopoLevCd></topLvl><geometObjs Name="ExtendedContShelfAustralia_v2_20081031"><geoObjTyp><GeoObjTypCd Sync="TRUE" value="001"></GeoObjTypCd></geoObjTyp><geoObjCnt Sync="TRUE">1</geoObjCnt></geometObjs></VectSpatRep></spatRepInfo><eainfo><detailed Name="ExtendedContShelfAustralia_v2_20081031"><enttyp><enttypl Sync="TRUE">ExtendedContShelfAustralia_v2_20081031</enttypl><enttypt Sync="TRUE">Feature Class</enttypt><enttypc Sync="TRUE">1</enttypc></enttyp><attr><attrlabl Sync="TRUE">FID</attrlabl><attalias Sync="TRUE">FID</attalias><attrtype Sync="TRUE">OID</attrtype><attwidth Sync="TRUE">4</attwidth><atprecis Sync="TRUE">0</atprecis><attscale Sync="TRUE">0</attscale><attrdef Sync="TRUE">Internal feature number.</attrdef><attrdefs Sync="TRUE">ESRI</attrdefs><attrdomv><udom Sync="TRUE">Sequential unique whole numbers that are automatically generated.</udom></attrdomv></attr><attr><attrlabl Sync="TRUE">Shape</attrlabl><attalias Sync="TRUE">Shape</attalias><attrtype Sync="TRUE">Geometry</attrtype><attwidth Sync="TRUE">0</attwidth><atprecis Sync="TRUE">0</atprecis><attscale Sync="TRUE">0</attscale><attrdef Sync="TRUE">Feature geometry.</attrdef><attrdefs Sync="TRUE">ESRI</attrdefs><attrdomv><udom Sync="TRUE">Coordinates defining the features.</udom></attrdomv></attr><attr><attrlabl Sync="TRUE">Id</attrlabl><attalias Sync="TRUE">Id</attalias><attrtype Sync="TRUE">Number</attrtype><attwidth Sync="TRUE">6</attwidth></attr><attr><attrlabl Sync="TRUE">Name</attrlabl><attalias Sync="TRUE">Name</attalias><attrtype Sync="TRUE">String</attrtype><attwidth Sync="TRUE">50</attwidth></attr></detailed></eainfo><mdDateSt Sync="TRUE">20081119</mdDateSt></metadata>
