<?xml version="1.0"?>
<!--<!DOCTYPE metadata SYSTEM "http://www.esri.com/metadata/esriprof80.dtd">-->
<metadata xml:lang="en"><Esri><CreaDate>20090430</CreaDate><CreaTime>14215000</CreaTime><SyncOnce>TRUE</SyncOnce><MetaID>{FBAEA694-3E1D-4EED-9863-E0F4A5BB0DF9}</MetaID></Esri><idinfo><citation><citeinfo><onlink Sync="TRUE">\\ICES093\D$\ICES Ecoregions\ICES_Ecoregions</onlink></citeinfo></citation></idinfo><distInfo><distributor><distorTran><onLineSrc><linkage Sync="TRUE">file://\\ICES093\D$\ICES Ecoregions\ICES_Ecoregions</linkage><protocol Sync="TRUE">Local Area Network</protocol></onLineSrc></distorTran></distributor></distInfo><dataqual><lineage><procstep><procdesc Sync="TRUE">Dataset copied.</procdesc><srcused Sync="TRUE">D:\Temp\ICES_Ecoregions</srcused><date Sync="TRUE">20090430</date><time Sync="TRUE">14215000</time></procstep></lineage></dataqual></metadata>
