Include,Count,Assessid,Large Marine Ecosystem,Scientific name,Fisheries stock,NCEASCategory,1977,1978,1979,1980,1981,1982,1983,1984,1985,1986,1987,1988,1989,1990,1991,1992,1993,1994,1995,1996,1997,1998,1999,2000,2001,2002,2003,2004,2005,2006
Yes,30,ICCAT-ALBANATL-1929-2005-WORM,Atlantic High Seas,Thunnus alalunga,Albacore tuna North Atlantic,Pelagic,183350,185970,204080,204270,221300,230960,212970,183930,160870,154740,135270,136550,145900,147540,152470,155920,145530,130310,115270,97677,98735,112350,129950,133300,120320,113790,110040,111030,135750,135750
Yes,30,ICCAT-ATBTUNAEATL-1979-2007-WORM,Atlantic High Seas,Thunnus thynnus,Bluefin tuna Eastern Atlantic,Pelagic,353405.08,337385.65,323591.02,309796.39,292748.84,303466.67,286052.95,283613.26,292210.05,286533.4,275236.63,282378.61,290374.21,275344.45,290074.34,308561.37,322464.31,330984.53,334275.41,325370.37,315211.14,313872.42,318949.67,309843.15,288681.78,276895.72,252487.2,234832.65,206809.44,189867.54
Yes,30,WGBFAS-CODBA2224-1969-2007-JENNINGS,Baltic Sea,Gadus morhua,Atlantic cod Baltic Areas 22 and 24,Demersal >= 90,81791,86839,89240,89711,95326,91273,92659,81197,72141,46113,56383,48195,36819,31036,28235,42239,59085,73956,64351,79584,61603,56125,65482,62224,50319,39368,42155,38571,42121,41961
Yes,30,WGBFAS-CODBA2532-1964-2007-JENNINGS,Baltic Sea,Gadus morhua,Atlantic cod Baltic Areas 25-32,Demersal >= 90,533503,712485,983040,1026484,984216,1057368,1003056,920296,737745,547627,492334,462354,352763,271296,192718,133388,173239,267544,314734,227676,203651,177331,179266,213725,170783,140349,135440,125877,155392,174203
Yes,30,WGBFAS-HERR2532-1973-2006-JENNINGS,Baltic Sea,Clupea harengus,Herring ICES 25-32,Demersal 30-90,2485747,2481849,2249672,2204753,2491308,2530541,2167025,2025662,1841772,1585947,1642225,1584036,1612068,1476155,1437997,1323292,1246587,1235304,1087624,946494,831265,774666,642453,748391,719569,779313,984951,966937,1085912,1310826
Yes,30,WGBFAS-HERR30-1972-2007-JENNINGS,Baltic Sea,Clupea harengus,Herring ICES 30,Demersal 30-90,223462,190543,164855,141032,146952,128629,157977,214649,244531,248098,304678,330049,422659,478846,502394,525970,537441,535472,480167,461047,419620,417170,366658,385338,351021,414826,495246,490049,470171,427368
Yes,30,WGBFAS-HERR31-1979-2006-JENNINGS,Baltic Sea,Clupea harengus,Herring ICES 31,Demersal 30-90,52183,52183,52183,52183,45627,44719,51066,55196,51518,51953,49040,43027,42713,47448,45216,36094,30405,22501,18889,20891,18825,16771,13338,15595,15823,19218,20186,19778,18362,15776
Yes,30,WGBFAS-HERRRIGA-1976-2007-JENNINGS,Baltic Sea,Clupea harengus,Herring ICES 28,Demersal 30-90,76732,66254,66126,69522,65521,72869,76232,66062,77178,86265,96522,114727,84521,134754,136559,160537,168458,163929,160984,163329,131205,118700,136327,134113,159877,148279,156446,121826,127819,141923
Yes,30,WGBFAS-SPRAT22-32-1973-2007-JENNINGS,Baltic Sea,Sprattus sprattus,Sprat ICES Baltic Areas 22-32,Pelagic,1433000,954000,696000,519000,653000,724000,1699000,1209000,994000,723000,782000,564000,855000,1140000,1361000,1857000,2050000,2054000,3049000,2818000,2545000,2328000,1923000,2117000,1730000,1534000,1513000,2314000,1970000,1818000
Yes,30,AFWG-CODNEAR-1943-2006-MINTO,Barents Sea,Gadus morhua,Atlantic cod Northeast Arctic,Demersal >= 90,1950748,1576565,1114381,863862,983658,750871,738675,817596,957513,1293972,1126251,915458,890358,962672,1561682,1912130,2360042,2156027,1826370,1686462,1531660,1229095,1099574,1099999,1377969,1548947,1612359,1571512,1551802,1462430
Yes,30,AFWG-CAPENOR-1965-2007-MINTO,Barents Sea,Mallotus villosus,Capelin Barents Sea,Pelagic,6254000,6119000,6576000,8219000,4489000,4205000,4772000,3303000,1087000,157000,107000,361000,771000,4901000,6647000,5371000,991000,259000,189000,467000,866000,1860000,2580000,3840000,3480000,2145000,700000,724000,374000,902000
Yes,30,AFWG-GHALNEAR-1959-2007-JENNINGS,Barents Sea,Reinhardtius hippoglossoides,Greenland halibut Northeast Arctic,Demersal 30-90,100805,87153,104916,86099,92049,87707,103919,93175,92239,91441,84819,84540,88327,77709,72027,45036,51756,51848,58826,67730,71502,80464,83125,83900,89415,88365,95402,108925,104748,111734
Yes,30,AFWG-HADNEAR-1947-2006-MINTO,Barents Sea,Melanogrammus aeglefinus,Haddock Northeast Arctic,Demersal >= 90,184355,197437,246810,260431,217307,163240,84700,67367,168216,327072,322184,255134,207243,168872,193844,268334,445972,558005,551910,490633,365956,268994,271341,268544,380098,474575,549450,519741,558585,483027
Yes,30,AFWG-POLLNEAR-1957-2006-MINTO,Barents Sea,Pollachius virens,Pollock Northeast Arctic,Demersal >= 90,419117,365487,367831,389048,468544,409825,410477,331478,267398,284000,328866,337849,301864,253730,358138,552920,685692,654739,802355,845908,862188,946566,986722,1003604,1044233,1155254,1036859,1035050,1047550,1309499
Yes,30,MARAM-CTRACSA-1950-2007-Johnston,Benguela Current,Trachurus capensis,Cape horse mackerel South Africa South Coast,Pelagic,601140,583694,596413,582657,589107,599268,612169,617205,623884,639386,651386,654613,658744,634575,607092,614032,629616,639915,656344,680073,682920,679455,654556,651454,647418,654578,667780,670801,677042,681514
Yes,30,MARAM-SSLOBSTERSASC-1973-2008-Johnston,Benguela Current,Palinurus gilchristi,Southern spiny lobster South Africa South Coast,Invertebrate,1030.14,1022.37,1142.08,1135.04,1055.55,1004.92,926.78,931.39,917.3,901.71,873.19,834.49,785.12,722.07,651.23,615.6,596.38,584.31,547.7,541.84,548.08,520.6,531.34,572.03,643.23,641.67,636.49,593.05,548.07,503.36
Yes,30,NWFSC-ARFLOUNDPCOAST-1916-2007-BRANCH,California Current,Reinhardtius stomias,Arrowtooth flounder Pacific Coast,Demersal 30-90,51700.6,52809.3,58069.5,60211,61573.5,65310.8,68089,72338.9,73748.5,74533,75065.5,76136.2,75801.1,74766.9,73204.4,69484.4,72717.7,73766.2,72077.2,70804.1,71786.3,69703.7,66501.1,59801.6,56889.9,64932.4,69707.4,74816.8,78961.4,79821.9
Yes,30,NWFSC-BLACKROCKNPCOAST-1914-2006-BRANCH,California Current,Sebastes melanops,Black rockfish Northern Pacific Coast,Demersal 30-90,11269,11210,10806,10603,10211,9718,9313,8876,8398,7902,7543,7037,6950,6753,6614,6437,6445,6860,6910,7070,7361,7509,8186,8405,8515,8635,8737,8835,9018,9063
Yes,30,NWFSC-BLACKROCKSPCOAST-1915-2007-BRANCH,California Current,Sebastes melanops,Black rockfish Southern Pacific Coast,Demersal 30-90,25087,24466,23668,22540,21446,19831,18183,16739,15526,14537,14181,14038,14037,13804,13610,13474,13206,13709,14234,15215,16302,17373,18447,19202,20203,20844,21618,21788,21918,21699
Yes,30,NWFSC-BLUEROCKCAL-1916-2007-BRANCH,California Current,Sebastes mystinus,Blue rockfish California,Demersal 30-90,8370,7634,6966,6144,5502,4610,4002,3456,3136,2979,3170,3199,3162,3204,3331,3518,3316,3477,3655,3867,4082,4114,4488,4825,5084,5298,5474,5541,5636,5649
Yes,30,NWFSC-BOCACCSPCOAST-1951-2006-BRANCH,California Current,Sebastes paucispinis,Bocaccio Southern Pacific Coast,Demersal >= 90,25775,28130,28586,29561,27814,25511,20837,16131,13504,12129,11034,10324,10291,9039,7946,7552,6693,5948,5348,5037,4944,4796,4888,5882,6522,7422,8213,9283,10024,10752
Yes,30,NWFSC-CROCKPCOAST-1916-2007-BRANCH,California Current,Sebastes pinniger,Canary rockfish Pacific Coast,Demersal 30-90,42916,42161,40366,38287,35724,33693,29669,26489,25655,24437,23679,22079,20572,18821,17686,16258,15300,15147,16043,16955,17486,18019,18475,19292,20642,21911,23036,24110,25039,25803
Yes,30,NWFSC-CHILISPCOAST-1892-2007-BRANCH,California Current,Sebastes goodei,Chilipepper Southern Pacific Coast,Demersal 30-90,35209,36770,38241,36490,31887,28876,26269,27234,23721,20941,21602,23163,23808,22382,21653,20340,19649,18583,17872,17127,16307,15209,18866,18442,19149,24397,28205,31275,32553,32852
Yes,30,NWFSC-COWCODSCAL-1900-2007-BRANCH,California Current,Sebastes levis,Cowcod Southern California,Demersal >= 90,1904.6,1736.8,1582.2,1378.6,1208.8,1055.6,806.4,731.4,563.9,397.9,274,224.2,177.4,175.4,175,175,164.2,162.5,144,137.5,124.6,128.9,137.5,143,150.5,162.2,174.2,186.4,198.8,211.6
Yes,30,NWFSC-DKROCKPCOAST-1928-2007-BRANCH,California Current,Sebastes crameri,Darkblotched rockfish Pacific Coast,Demersal 30-90,21875,21967,21820,21030,20736,20197,19639,19271,18460,16993,15941,13670,12219,11257,9966,9101,8721,7776,7155,6678,6428,6254,6031,6482,6996,7773,8648,9480,10041,10615
Yes,30,NWFSC-ESOLEPCOAST-1876-2007-BRANCH,California Current,Parophrys vetulus,English sole Pacific Coast,Demersal 30-90,40769,39688,37158,34150,31652,28855,26890,26681,27055,26750,26579,25387,24412,23344,23044,22182,21903,22043,23741,25436,28021,33139,41449,49640,56798,64667,69430,72145,72795,71830
Yes,30,NWFSC-LNOSESKAPCOAST-1915-2007-BRANCH,California Current,Raja rhina,Longnose skate Pacific Coast,Demersal >= 90,81442.3,81031.1,80160.1,79301.1,79025.8,76762.9,75670,75106.3,75302.5,75087.6,75036.2,74792.9,74893.9,74858.2,74938.8,75059.8,75348.4,75417.9,75279.6,75492.2,74686.8,72876.9,72598.9,71801.8,70843.6,70670.6,71271.5,71027,71444.9,71439.3
Yes,30,NWFSC-PHAKEPCOAST-1966-2008-BRANCH,California Current,Merluccius productus,Pacific hake Pacific Coast,Pelagic,8718000,8352000,7637000,10110000,9375000,8646000,15063000,14274000,12402000,10620000,12092000,10659000,9146000,8476000,7418000,6022000,5262000,4412000,3290000,2802000,2553000,2291000,2079000,1905000,1798000,4425000,4182000,3887000,3149000,2687000
Yes,30,NWFSC-POPERCHPCOAST-1953-2007-BRANCH,California Current,Sebastes alutus,Pacific ocean perch Pacific Coast,Demersal 30-90,37802.1,37149.3,35347,33516.5,31686.4,30261.5,29263.8,27850.9,26217.5,24756.9,23631.8,23112,21871.1,20764.8,20321.1,19390.8,19027.9,18492.8,17948.8,17543.8,17809.4,18214.1,18178.4,18230.6,18759.5,20582.3,22141.9,23508.1,24617.5,25658.2
Yes,30,NWFSC-SABLEFPCOAST-1900-2007-BRANCH,California Current,Anoplopoma fimbria,Sablefish Pacific Coast,Demersal >= 90,359802,358036,352447,333618,332106,325291,310962,298454,283756,268482,255509,242926,233769,224875,219595,214457,207239,199705,191297,184112,178471,169836,163198,156707,160731,170389,180820,187805,189558,195837
Yes,30,NWFSC-WROCKPCOAST-1955-2006-BRANCH,California Current,Sebastes entomelas,Widow rockfish Pacific Coast,Pelagic,259292,252209,241942,235543,216720,187527,173672,181730,179879,179346,176892,167232,156146,145047,133802,126355,123358,123673,118715,113625,108063,99972,94495,89355,87514,88277,105582,110688,116042,120132
Yes,30,NWFSC-YEYEROCKPCOAST-1923-2006-BRANCH,California Current,Sebastes ruberrimus,Yelloweye rockfish Pacific Coast,Demersal >= 90,5272.8,5124.5,4980.6,4763.6,4470,4213.6,3859,3570.8,3406.8,3286.5,3173.4,3021.7,2866.9,2639.7,2506.9,2264.5,2010.1,1814.4,1700,1547,1425,1269.8,1231.2,1141,1155.8,1160.2,1199,1238.2,1276.9,1309.8
Yes,30,WGNSDS-CODIS-1968-2006-MINTO,Celtic-Biscay Shelf,Gadus morhua,Atlantic cod Irish Sea,Demersal >= 90,16614,14188,19638,26103,29723,27025,21842,18773,21980,20979,28289,26056,21061,14540,13177,15518,12376,10460,10439,10297,11793,9882,6756,6602,10181,12146,8283,6686,4836,4537
Yes,30,WGNSDS-CODVIa-1977-2006-MINTO,Celtic-Biscay Shelf,Gadus morhua,Atlantic cod West of Scotland,Demersal >= 90,40162.7,40162.7,56866.3,57758.8,53105.9,54046.1,43826.2,47483.8,29556.3,28358.9,37875.3,36242.2,32306.5,24932.3,21915.3,20053.1,23070.8,24194.5,23888.5,22850.5,22093.5,17476.9,15741,14592.3,11756.6,12011.3,9041.5,7360.1,6332.3,6881.7
Yes,30,WGNPBW-BWHITNEA-1980-2007-JENNINGS,Celtic-Biscay Shelf,Micromesistius poutassou,Whiting Northeast Atlantic,Pelagic,3416870,3416870,3416870,3416870,3416870,2826457,2823882,2916411,3147440,3258423,2959589,2642113,2656130,2947954,3480911,3550335,3322396,3145332,3114031,3353885,4932011,6175989,6844143,7572783,9218616,10811132,11708107,10247180,8504059,7014875
Yes,30,WGNSDS-SOLEIS-1968-2006-MINTO,Celtic-Biscay Shelf,Solea vulgaris,Common European sole Irish Sea,Demersal 30-90,4603,5371,6300,6040,5582,4275,4684,6336,7015,8359,7785,5402,4629,3822,3881,3950,3262,4514,3432,2795,3067,3926,4067,3668,4789,3822,3244,2957,2704,2155
Yes,30,WGNSSK-SOLEVIId-1981-2006-MINTO,Celtic-Biscay Shelf,Solea vulgaris,Common European sole ICES VIId,Demersal 30-90,10484,10484,10484,10484,10484,10484,12700,13068,13469,14159,13166,13023,12198,14122,16092,17661,18261,15859,15386,15953,14688,12765,12751,13301,12945,14472,18386,15942,18716,22566
Yes,30,WGSSDS-SOLECS-1970-2006-JENNINGS,Celtic-Biscay Shelf,Solea vulgaris,Common European sole Celtic Sea,Demersal 30-90,5871,5032,5050,5200,4564,4773,5102,5333,4762,4593,3711,3873,3221,3849,3568,3822,3810,3237,3066,3042,2963,3026,4218,3791,5206,5636,5178,4651,4631,3993
Yes,30,WGSSDS-SOLEVIIe-1968-2006-JENNINGS,Celtic-Biscay Shelf,Solea vulgaris,Common European sole Western English Channel,Demersal 30-90,6104,6759,6877,6750,6428,6305,6055,5951,6041,5656,5442,5163,4543,5230,4540,4206,3658,4304,4558,4710,3841,4030,4989,5041,4414,4641,4196,3976,4055,3520
Yes,30,WGNSDS-PLAICIS-1962-2006-MINTO,Celtic-Biscay Shelf,Pleuronectes platessa,European plaice Irish Sea,Demersal 30-90,4819,5992,7095,7686,8302,7193,6860,8642,10040,11009,10232,13036,11239,8644,7881,7071,7056,6231,6065,5848,5537,6290,6121,6414,7283,8420,10358,10231,11214,13304
Yes,30,WGSSDS-PLAICCELT-1976-2006-JENNINGS,Celtic-Biscay Shelf,Pleuronectes platessa,European plaice ICES VIIe-k,Demersal 30-90,2345,2132,3238,4079,3201,3257,3690,7123,5568,4207,6072,8855,5069,5326,4397,3871,3510,3146,4010,3852,3360,2954,2013,2046,2678,1837,1926,1666,2021,2546
Yes,30,WGSSDS-PLAICECHW-1975-2006-JENNINGS,Celtic-Biscay Shelf,Pleuronectes platessa,European plaice ICES VIIe,Demersal 30-90,2302,2497,3123,4082,4970,4614,4941,4950,5351,5928,5561,7747,7104,6813,5202,5092,3928,3164,3580,3582,4737,4326,3621,3568,3468,3860,3430,3854,3830,3616
Yes,30,WGNSDS-HADVIa-1977-2006-MINTO,Celtic-Biscay Shelf,Melanogrammus aeglefinus,Haddock West of Scotland,Demersal >= 90,52480,52480,63510,111766,128403,120324,105953,120782,100225,76876,100706,64974,43118,34739,52764,64449,78395,67108,72354,64262,70304,72465,52776,96048,111676,100690,94321,65589,56528,45345
Yes,30,HAWG-HERRNIRS-1960-2006-JENNINGS,Celtic-Biscay Shelf,Clupea harengus,Herring Northern Irish Sea,Demersal 30-90,48500,42472,34029,26893,26786,33549,39351,37958,37619,34479,36011,32828,30246,27605,20250,23240,20883,26974,24586,22087,20888,25104,17592,14764,14761,13062,17071,16345,18382,69769
Yes,30,HAWG-HERRVIa-1957-2006-MINTO,Celtic-Biscay Shelf,Clupea harengus,Herring ICES VIa,Demersal 30-90,164986,172660,220389,257150,367133,308579,434311,360340,355762,321966,392008,346130,331958,282168,217644,226087,192193,186474,165737,203681,224251,189672,147028,211001,224184,242966,198298,157963,118948,111054
Yes,30,WGSSDS-WHITVIIek-1982-2007-JENNINGS,Celtic-Biscay Shelf,Merlangius merlangus,Whiting ICES VIIe-k,Demersal 30-90,22680,22680,22680,22680,22680,22680,22867,23459,23388,26160,37708,45795,39579,32772,33331,48186,61313,81575,83433,78597,66928,54508,44215,46220,49119,46352,38996,36793,33635,26874
Yes,30,AFSC-ALPLAICBSAI-1972-2008-MELNYCHUK,Eastern Bering Sea,Pleuronectes quadrituberculatus,Alaska plaice Bering Sea and Aleutian Islands,Demersal 30-90,1426510,1538610,1627500,1686430,1718730,1729330,1721590,1669490,1593060,1501420,1430420,1324270,1295700,1262020,1237030,1204320,1194400,1182570,1165200,1137060,1099280,1065360,1037760,1021130,1033790,1066910,1181750,1361180,1479680,1550420
Yes,30,AFSC-ARFLOUNDBSAI-1970-2008-STANTON,Eastern Bering Sea,Reinhardtius stomias,Arrowtooth flounder Bering Sea and Aleutian Islands,Demersal 30-90,248550,255523,265676,271974,278414,287306,306042,324760,347781,374697,409525,449340,482729,531932,573663,600869,632893,659131,673945,692466,704798,726368,748908,780786,817676,856909,904521,951786,993348,1035350
Yes,30,AFSC-ATKABSAI-1977-2009-STANTON,Eastern Bering Sea,Pleurogrammus monopterygius,Atka mackerel Bering Sea and Aleutian Islands,Demersal 30-90,194180,194628,225771,395114,405797,385512,371230,377658,319991,272392,369594,295189,418278,527198,479865,721683,657479,522903,480063,447624,422929,371894,389934,347964,392400,445874,514019,593355,514571,459303
Yes,30,AFSC-FLSOLEBSAI-1977-2008-STANTON,Eastern Bering Sea,Hippoglossoides elassodon,Flathead sole Bering Sea and Aleutian Islands,Demersal 30-90,127340,155460,208990,260750,318110,368920,437620,527950,594860,655330,714660,789750,857350,931620,967370,997580,1006600,1012500,1003400,991440,964630,934790,906790,878020,861790,852540,831970,835270,835340,845480
Yes,30,AFSC-GHALBSAI-1960-2009-STANTON,Eastern Bering Sea,Reinhardtius hippoglossoides,Greenland turbot Bering Sea and Aleutian Islands,Demersal 30-90,627372,611963,585338,559354,520810,474692,429593,385997,363701,346891,332679,316939,302343,285093,263947,247035,234450,217482,198975,182755,168445,153976,138281,126439,114453,105382,99811,96076,94884,94014
Yes,30,AFSC-NRSOLEEBSAI-1971-2008-STANTON,Eastern Bering Sea,Lepidopsetta polyxystra,Northern rock sole Eastern Bering Sea and Aleutian Islands,Demersal 30-90,195815,213909,235562,263911,297070,346253,403119,477696,550587,663853,797749,935351,1042480,1175130,1361840,1521660,1659440,1769460,1831510,1852000,1864490,1812160,1760150,1696630,1613240,1551420,1512540,1504710,1516080,1580440
Yes,30,AFSC-NROCKBSAI-1977-2009-STANTON,Eastern Bering Sea,Sebastes polyspinis,Northern rockfish Bering Sea and Aleutian Islands,Demersal 30-90,103319,104204,104722,109325,113691,118517,123091,127448,131080,134464,142109,148258,154271,160284,167202,174588,179951,180803,181675,183780,183677,189329,192504,193252,193408,192445,193734,194032,194573,195919
Yes,30,AFSC-PCODBSAI-1964-2008-MELNYCHUK,Eastern Bering Sea,Gadus macrocephalus,Pacific cod Bering Sea and Aleutian Islands,Demersal >= 90,842241,899016,1052030,1482030,1932570,2276670,2418520,2403580,2363850,2293060,2262680,2188110,1992030,1762410,1563070,1450780,1459860,1528360,1589790,1569500,1515220,1449180,1522510,1595780,1641550,1702650,1707180,1630540,1491060,1331050
Yes,30,AFSC-PERCHEBSAI-1974-2009-STANTON,Eastern Bering Sea,Sebastes alutus,Pacific ocean perch Eastern Bering Sea and Aleutian Islands,Demersal 30-90,90908,85794,86821,90746,100033,108850,122328,143089,162736,183359,217848,248444,280046,307417,326561,352225,367914,374888,382345,387216,387360,388377,393131,393296,396783,400993,403558,402674,404988,409292
Yes,30,AFSC-SNOWCRABBS-1979-2008-JENSEN,Eastern Bering Sea,Chionoecetes opilio,Snow crab Bering Sea,Invertebrate,600556.3,600556.3,600556.3,543857.25,488065.39,469921.7,482168.69,502580.35,532517.44,680842.15,827352.48,947100.87,1018768.46,1029654.68,870897.35,718490.31,642286.8,624596.69,640472.43,642286.8,569258.42,400068.47,272609.01,245393.47,230424.92,226342.59,243125.51,271248.24,297103,334751.17
Yes,30,AFSC-TANNERCRABBSAI-1965-2008-JENSEN,Eastern Bering Sea,Chionoecetes bairdi,Tanner crab Bering Sea,Invertebrate,139093.99,72597.4,49078.65,83075.37,63911.11,45817.33,26562.35,18361.4,10518.8,14351.65,25850.21,56422.31,93594.17,97159.41,103396.3,99831.06,58381.83,38419.24,28970.92,23709.25,10160.46,10251.18,17739.98,15866.65,17649.26,18007.6,24779.73,26471.63,42252.09,64264.91
Yes,30,AFSC-WPOLLEBS-1963-2008-MELNYCHUK,Eastern Bering Sea,Theragra chalcogramma,Walleye pollock Eastern Bering Sea,Demersal >= 90,3340000,3202000,3090000,4044000,7704000,8783000,9804000,9518000,11802000,11075000,11732000,11004000,9320000,7345000,5590000,8966000,11175000,10782000,12704000,10829000,9403000,9467000,10379000,9503000,9175000,9554000,11182000,10274000,8423000,6340000
Yes,30,AFSC-YSOLEBSAI-1959-2008-MELNYCHUK,Eastern Bering Sea,Limanda aspera,Yellowfin sole Bering Sea and Aleutian Islands,Demersal 30-90,1814060,2056470,2197770,2364110,2519110,2654900,2759030,2834670,2833620,2761470,2700320,2679690,2597740,2582690,2610620,2608850,2535700,2490730,2399380,2332990,2257750,2125930,2076640,2086100,2077920,2076580,2074290,2066830,2059970,2022160
Yes,30,AFSC-BKINGCRABPI-1960-2008-JENSEN,Eastern Bering Sea,Paralithodes platypus,Blue king crab Pribilof Islands,Invertebrate,132798.13,132798.13,132798.13,132798.13,132798.13,27102.12,17150.31,14891.43,5660.83,1696.43,3429.16,3084.43,1084.08,1737.26,4699.21,6223.28,5647.22,5728.87,6690.48,11230.94,9366.67,5279.81,4930.55,4281.91,3379.26,3179.68,2054.77,1859.73,263.08,743.89
Yes,30,AFSC-RKCRABPI-1981-2009-JENSEN,Eastern Bering Sea,Paralithodes camtschaticus,Red king crab Pribilof Islands,Invertebrate,3125.25,3125.25,3125.25,3125.25,3125.25,3125.25,1968.59,539.77,439.98,99.79,172.36,49.9,358.34,2340.53,1823.44,6867.38,5456.71,12750.47,9969.95,5012.19,3238.65,6309.46,3460.91,3079.89,4603.96,11521.24,7307.37,6581.62,4826.22,3692.24
Yes,30,NWWG-CODFAPL-1959-2006-MINTO,Faroe Plateau,Gadus morhua,Atlantic cod Faroe Plateau,Demersal >= 90,136211,96227,85112,85037,88410,98960,123245,152130,131202,99223,78302,66064,58647,37912,28554,35557,50886,83727,144096,142249,96827,66116,64951,91053,109873,97626,59413,35438,28514,25436
Yes,30,NWWG-HADFAPL-1955-2006-MINTO,Faroe Plateau,Melanogrammus aeglefinus,Haddock Faroe Plateau,Demersal >= 90,121075,120624,99549,87686,79018,68364,64040,100898,94218,98872,88041,77860,70198,54203,39341,29648,29326,27998,90521,116871,111109,96011,83374,117312,159397,168570,156007,142902,103784,81300
Yes,30,NWWG-POLLFAPL-1958-2006-MINTO,Faroe Plateau,Pollachius virens,Pollock Faroe Plateau,Demersal >= 90,156337,137401,113051,124853,142243,150259,179313,190450,190249,235809,250728,260968,229550,192726,150297,124705,133831,127443,153265,163159,180579,164784,212956,223078,287071,313275,297184,275692,270015,238079
Yes,30,DFO-PAC-ESOLEHS-1944-2001-COLLIE,Gulf of Alaska,Parophrys vetulus,English sole Hecate Strait,Demersal 30-90,4350,4016,4048,2674,2689,2918,3474,3323,2779,3176,3602,3274,4148,4067,3718,3975,4825,4624,4541,3909,5514,3005,2900,3105,3405,3405,3405,3405,3405,3405
Yes,30,DFO-PAC-PCODHS-1956-2005-COLLIE,Gulf of Alaska,Gadus macrocephalus,Pacific cod Hecate Strait,Demersal >= 90,21113,18165,23910,21224,20036,20738,18302,15522,12050,35910,47593,38566,26906,22400,25441,19487,14143,8680,6749,8260,8367,7351,6111,4538,3695,4216,7364,9601,10648,10648
Yes,30,DFO-PAC-PCODWCVANI-1956-2002-COLLIE,Gulf of Alaska,Gadus macrocephalus,Pacific cod West Coast of Vancouver Island,Demersal >= 90,14749,12189,10914,9437,7600,5577,4295,3308,2934,5457,7260,16809,17153,12791,10093,6316,4513,3209,2024,1827,1859,1974,2922,3512,4497,6981,6981,6981,6981,6981
Yes,30,DFO-PAC-HERRCC-1951-2007-COLLIE,Gulf of Alaska,Clupea pallasii,Pacific herring Central Coast,Pelagic,37814.9,26798.68,14735.06,13130.26,82818.06,73959.8,51915.77,40035.88,38966.61,33348.06,27523.44,44935.14,50321.64,38780.35,33473.15,46636.17,52516.59,53946.17,31924.08,22593.65,28033.17,36825.58,40168.8,41583.21,29091.33,24550.96,24171.04,25103.73,25471.52,17186.07
Yes,30,DFO-PAC-HERRPRD-1951-2007-COLLIE,Gulf of Alaska,Clupea pallasii,Pacific herring Prince Rupert District,Pelagic,25625.07,24057.41,14165.01,27686.09,25238.42,32164.6,42080.37,46547.29,64928.84,54593.31,44760.31,39600.23,38050.59,28837.71,30305.84,42510.25,30464.59,19626.64,18707.64,23651.77,48222.93,36418.45,33809.63,27705.41,25855.41,23685.5,34344.69,29371.39,23945.04,18288.78
Yes,30,DFO-PAC-HERRQCI-1951-2007-COLLIE,Gulf of Alaska,Clupea pallasii,Pacific herring Queen Charlotte Islands,Pelagic,32914.29,21107.92,18739.51,43681.62,54346.62,46795.49,52886.59,30694.3,24373.55,15904.03,13167.5,22530.93,41464.99,27392.58,18555.87,16009,13445.17,7774.2,5205.69,7301.65,11308.43,21035.28,14005.86,8700.76,12768.17,4087.76,8754.66,5703.62,3663.84,4125.46
Yes,30,DFO-PAC-HERRSOG-1951-2007-COLLIE,Gulf of Alaska,Clupea pallasii,Pacific herring Strait of Georgia,Pelagic,97883.35,95492.05,82111.76,101590.8,111360.66,95478.3,64064.36,46716.33,50620.66,64748.81,60682.12,74844.96,83058.01,90526.1,76636.31,96756.95,134038.96,100445.86,82086.03,84727.41,91381.63,88998.62,85049.11,93603.56,93964.34,118396.78,119936.35,123284.01,112771.8,90360.81
Yes,30,DFO-PAC-HERRWCVANI-1951-2007-COLLIE,Gulf of Alaska,Clupea pallasii,Pacific herring West Coast of Vancouver Island,Pelagic,87063.76,86104.79,104242.88,136802,147104.21,87275.05,54227.96,51175.92,88063.88,75118,56915.25,44319.07,67273.96,56619.32,37362.69,43517.24,40171.72,53170.58,21837.61,31105.73,51519.25,39100.79,26480.78,15929.28,14154.55,22219.19,22920.94,18289.23,14673.62,2772.79
Yes,30,DFO-PAC-RSOLEHSTR-1945-2001-COLLIE,Gulf of Alaska,Lepidopsetta bilineata,Rock sole Hecate Strait,Demersal 30-90,3320,3102,3152,3530,3258,4290,3846,3756,3863,4257,4638,4955,5273,6851,5137,7136,7832,7051,8275,6851,5689,4854,6851,5689,4854,4854,4854,4854,4854,4854
Yes,30,AFSC-SABLEFEBSAIGA-1956-2008-MELNYCHUK,Gulf of Alaska,Anoplopoma fimbria,Sablefish Eastern Bering Sea / Aleutian Islands / Gulf of Alaska,Demersal >= 90,227000,226000,209000,191000,307000,346000,348000,423000,450000,470000,432000,422000,398000,350000,320000,287000,290000,256000,266000,240000,226000,215000,221000,207000,226000,237000,235000,270000,267000,256000
Yes,30,SEFSC-GAGGM-1963-2004-JENSEN,Gulf of Mexico,Mycteroperca microlepis,Gag Gulf of Mexico,Demersal >= 90,10534.67,10094.69,9942.74,9958.16,10357.32,11255.43,11720.82,10694.34,11611.96,10007.15,9445.6,9382.55,8664.51,8116.58,8546.13,8412.77,8456.32,8241.77,9324.04,9942.74,10916.15,13238.99,14281.34,15047.01,15744.18,16274.88,16444.07,17216.99,17216.99,17216.99
Yes,30,SEFSC-MENATGM-1964-2004-GILROY,Gulf of Mexico,Brevoortia patronus,Gulf menhaden Gulf of Mexico,Pelagic,2397000,3972400,4010500,2426100,3450800,4108000,3378400,3282000,4716600,3177300,2663200,1917500,2386300,3046500,3066100,3078800,4682700,4745100,4177000,3358900,4528200,4091400,5852700,4708700,4778900,3936100,2527000,2639200,2639200,2639200
Yes,30,NWWG-CODICE-1952-2006-MINTO,Iceland Shelf,Gadus morhua,Atlantic cod Iceland,Demersal >= 90,1290000,1299000,1397000,1489000,1242000,970000,791000,914000,927000,850000,1031000,1038000,1007000,839000,696000,546000,589000,574000,553000,668000,783000,717000,730000,588000,693000,729000,740000,807000,703000,675000
Yes,30,NWWG-CAPEICE-1977-2007-MINTO,Iceland Shelf,Mallotus villosus,Capelin Iceland,Pelagic,2832000,2832000,2135000,1130000,1038000,1020000,2070000,2427000,2811000,3106000,2639000,2101000,1482000,1293000,1975000,2058000,2287000,2287000,3007000,2885000,2348000,2197000,2315000,2164000,2432000,1993000,2540000,1651000,975000,1177000
Yes,30,NWWG-HADICE-1977-2007-MINTO,Iceland Shelf,Melanogrammus aeglefinus,Haddock Iceland,Demersal >= 90,167578,167578,167578,197955,214309,188330,154238,118839,106663,94221,103846,153934,170414,146847,121903,105951,129982,126354,121296,107767,86966,97736,90891,89600,115251,168748,219965,250199,260025,305098
Yes,30,ICCAT-SWORDMED-1968-2006-JENSEN,Mediterranean Sea,Xiphias gladius,Swordfish Mediterranean Sea,Pelagic,201000,202000,201000,202000,201000,200000,200000,199000,192000,185000,177000,168000,158000,151000,146000,142000,139000,137000,133000,132000,132000,129000,127000,125000,122000,119000,118000,115000,112000,110000
Yes,30,NZMFishMIDDEPTHSWG-NZLINGLIN3-4-1972-2007-JENSEN,New Zealand Shelf,Genypterus blacodes,Ling New Zealand Areas LIN3 and LIN4,Demersal >= 90,149813,141520,146314,153335,164084,171984,178951,182974,184474,184866,183868,180933,176544,171500,165425,158085,149782,142872,135225,127883,122443,118994,118400,118300,118777,119472,121235,123189,125140,128159
Yes,30,NZMFishMIDDEPTHSWG-NZLINGLIN5-6-1972-2007-JENSEN,New Zealand Shelf,Genypterus blacodes,Ling New Zealand Areas LIN5 and LIN6,Demersal >= 90,321181,323460,322512,315095,315508,315440,321874,324872,333605,334270,339670,338578,339339,333760,325166,314765,303448,291941,281916,270918,267297,265773,268921,271573,272018,270716,267838,267046,272013,274108
Yes,30,NZMFishMIDDEPTHSWG-NZLINGLIN6b-1980-2006-JENSEN,New Zealand Shelf,Genypterus blacodes,Ling New Zealand Area LIN6b,Demersal >= 90,15903.7,15903.7,15903.7,15903.7,15898.7,15894.7,15890.6,16007.6,15939,15921,15982.8,16403.2,16572.7,16774.5,16835,16011.1,14838.9,14014.2,14061.9,14413.6,14707.5,14662.3,14286.5,13286.6,11978.8,11010.2,10278.5,9543.89,9387.44,9517.22
Yes,30,NZMFishMIDDEPTHSWG-NZLINGLIN72-1972-2007-JENSEN,New Zealand Shelf,Genypterus blacodes,Ling New Zealand Area LIN7CK,Demersal >= 90,9282.68,9179.68,9071.2,8963.85,8854.28,8740.42,8636.4,8534.81,8419.99,8313.25,8181.52,8093.29,7951.04,7592.86,7186.77,6865.49,6453.79,6614.33,6665.04,6843.99,6936.36,7056.57,6996.83,6985.16,6922.34,6833.52,6636.41,6281.65,5934.14,5715.74
Yes,30,NZMFishMIDDEPTHSWG-NZLINGLIN7WC-1972-2008-JENSEN,New Zealand Shelf,Genypterus blacodes,Ling New Zealand Area LIN7WC,Demersal >= 90,98225.8,97628.1,99461.2,99022.2,97605.3,97860.8,97763.3,95654.6,94290.6,91589.7,89185.2,86658.2,84016.9,81087,78755.7,76778.5,75727.2,76232.6,76387.5,75726.8,74695.7,73892.1,72497.5,71295.3,69856.4,69479.9,69725.4,72617.3,79558.5,86698.3
Yes,30,NZMFishDEEPWATER-BLACKOREOWECR-1973-2007-JENSEN,New Zealand Shelf,Allocyttus niger,Black oreo west end of Chatham Rise,Demersal 30-90,215457,211185,208748,206190,197500,186713,178503,172392,168780,167675,166410,164763,163444,162315,160291,158070,155682,153114,151880,150710,148943,148318,147755,145946,144432,143799,143796,144050,144293,144365
Yes,30,NZMFishSHELLFISHWG-PAUAPAU5A-1964-2006-JENSEN,New Zealand Shelf,Haliotis iris,Paua New Zealand Area PAU5A,Invertebrate,872.589,812.5525,742.068,664.63,572.904,500.248,444.1185,414.969,412.6615,430.803,458.16,474.8895,496.6505,509.7335,684.007,856.9595,973.2885,1096.45,1206.49,1225.96,1166.125,1090.495,1061.91,1048.86,1007.26,931.972,834.789,726.371,616.0485,507.9625
Yes,30,NZMFishSHELLFISHWG-PAUAPAU5B-1963-2007-JENSEN,New Zealand Shelf,Haliotis iris,Paua New Zealand Area PAU5B,Invertebrate,2523.325,2461.615,2402.05,2341.955,2255.845,2216.295,2211.105,2140.615,2117.59,2153.67,2148.51,2092.605,1986.51,1836.98,1664.9,1502.185,1396.135,1317.19,1242.195,1195.335,1139.365,1099.435,1087.835,1107.61,1171.69,1287.965,1417.745,1506.27,1554.635,1564.935
Yes,30,NZMFishSHELLFISHWG-PAUAPAU5D-1964-2006-JENSEN,New Zealand Shelf,Haliotis iris,Paua New Zealand Area PAU5D,Invertebrate,1551.785,1482.085,1397.535,1303.52,1191.69,1097.185,1017.675,919.6765,847.5715,831.429,844.309,850.893,890.5095,942.4415,948.839,913.4375,872.294,850.5715,821.662,778.236,736.043,696.5565,645.2875,599.2325,548.3875,485.219,429.1795,405.7285,395.837,399.567
Yes,30,NZMFishSHELLFISHWG-PAUAPAU7-1964-2008-JENSEN,New Zealand Shelf,Haliotis iris,Paua New Zealand Area PAU7,Invertebrate,3350.15,3252.82,3115.79,2961.15,2694.93,2367.77,2118.37,1932.48,1858.63,1815.51,1835.56,1829.49,1804.08,1802.16,1736.08,1672.71,1603.3,1513.08,1424.56,1306.25,1201.22,1133.64,1064.03,1025.2,1048.38,1141.8,1225.33,1371.53,1504.81,1595.15
Yes,30,NZMFishMIDDEPTHSWG-GEMFISHNZ-1952-2006-JENSEN,New Zealand Shelf,Rexea solandri,Common gemfish ,Demersal >= 90,18474.4,18475.63333,18472.9,18171.9,17522.53333,17226.96667,16639.4,17019.46667,17763.2,20048.6,21577.6,22768.23333,23459.06667,23359.73333,22523.26667,20891.36667,19336.43333,17235.36667,15142.63333,13092.43333,11121.16667,9281.34,8284.826667,7616.496667,7262.443333,7101.38,7086.31,7180.53,7466.603333,8017.766667
Yes,30,NZMFishHOKIWG-HOKIENZ-1972-2007-FRANCIS,New Zealand Shelf,Macruronus novaezelandiae,Hoki Eastern New Zealand,Demersal >= 90,1048485,1302235,1323179,1797785,1674823,1268966,1218101,1076338,1215479,1289341,1280102,994869,1667300,1953697,1592697,1085649,1234439,1280790,1137767,1382861,919495,850888,1076611,884114,532901,946263,629199,752776,888434,932959
Yes,30,NZMFishHOKIWG-HOKIWNZ-1972-2007-FRANCIS,New Zealand Shelf,Macruronus novaezelandiae,Hoki Western New Zealand,Demersal >= 90,1829010,2193491,2330267,2406882,2157220,2123237,2320810,2154822,2661333,2700076,2195015,1586362,2495370,2179067,1580059,1146357,1711864,2241342,1858004,2083570,1530775,1323217,1090427,848312,617614,583739,371333,729656,677116.1,608301
Yes,30,NZMFishINSHOREWG-NZSNAPNZ8-1931-2005-JENSEN,New Zealand Shelf,Chrysophrys auratus,New Zealand snapper New Zealand SNA8,Demersal >= 90,27516.2,22640.1,18502.2,17949.9,15297.2,13001.8,10907.3,9849.12,9100.27,7924.3,7570.19,9284.18,11463.1,11619.2,12406.4,12033.6,10503.1,10920.6,10923.5,10588.8,10292.7,10430.9,10612,10437.5,10784.2,10344.1,9804.87,9577.47,8310.14,8310.14
Yes,30,NZMFishDEEPWATER-SMOOTHOREOWECR-1973-2004-JENSEN,New Zealand Shelf,Pseudocyttus maculatus,Smooth oreo west end of Chatham Rise,Demersal 30-90,116275,112165,109771,107796,105114,104487,103755,101739,98894.7,96568.2,94913.8,91988.6,87315.8,82535,78864.3,75250.4,72036.9,69766.8,67596.7,65944.1,64804.2,63350,62262,62639.6,63399.2,64166.5,64974.7,65851.6,65851.6,65851.6
Yes,30,NZMFishMIDDEPTHSWG-SBWHITACIR-1979-2006-JENSEN,New Zealand Shelf,Micromesistius australis,Southern blue whiting Campbell Island Rise,Demersal >= 90,80746.8,80746.8,80746.8,65645.4,63999.9,72523.5,75441.2,72778.9,72063.3,65502.3,61523.8,64170.7,54140.3,48500.6,41325.2,36831.1,85584.5,111068,125616,135278,144438,131510,120074,120441,107394,92718.4,85985.8,89676.8,79500.2,80113.4
Yes,30,NZMFishMIDDEPTHSWG-SOUTHHAKECR-1975-2006-JENSEN,New Zealand Shelf,Merluccius australis,Southern hake Chatham Rise,Demersal >= 90,50534.6,51284,52001.6,52680.7,54323.6,56507.9,59320.2,61413.1,62605.3,62986.5,62486.7,61206.6,59310.7,56950.9,55061,53135.7,51340.3,49685,48238.1,46509.6,44863.6,43227.5,38863.8,35229,31509.5,28880.4,26563.1,23346.3,19723.6,20405.7
Yes,30,NZMFishMIDDEPTHSWG-SOUTHHAKESA-1975-2007-JENSEN,New Zealand Shelf,Merluccius australis,Southern hake Sub-Antarctic,Demersal >= 90,89773.6,88863.4,90795.4,94053.9,102069,112519,121172,126913,129739,129196,126042,120643,114270,107003,99803.7,93395.6,88005.1,85553.7,83235.3,80534.3,78902.6,77121.6,75521.3,73936.6,72365.1,70481.7,67455.2,63172,59836.7,57752.5
Yes,30,NZMFishINSHOREWG-TREVALLYTRE7-1944-2005-JENSEN,New Zealand Shelf,Pseudocaranx dentex,Trevally New Zealand Area TRE7,Demersal >= 90,37982.9,36542.6,35472.2,34659.7,33727.6,32569,31527.9,30676.4,30068.1,29949.3,30685.8,31877.1,33037.7,34070,34521.3,34451,33944.6,32643.1,31151,30034.5,29404.7,29054.7,28827.2,28652.7,28609.7,28790,28823.5,28562.4,28199.1,28199.1
Yes,30,DFO-NFLD-AMPL23K-1960-2004-PREFONTAINE,Newfoundland-Labrador Shelf,Hippoglossoides platessoides,American plaice NAFO 23K,Demersal 30-90,332410,332410,194650,232040,254930,308050,305500,235710,175810,165840,114910,118160,127480,76210,44460,22480,25200,20630,13420,17140,16630,19490,16560,14520,12130,6820,8010,9810,9810,9810
Yes,30,NAFO-SC-AMPL3LNO-YEAR-2007-BAUM,Newfoundland-Labrador Shelf,Hippoglossoides platessoides,American plaice NAFO 3LNO,Demersal 30-90,362404.1503,355577.7967,351318.3508,350746.9731,329991.51,308849.7755,333829.2747,338023.0189,325824.5516,267624.2447,240244.6329,229864.7245,193025.8218,139013.1618,116100.8876,78729.47517,45304.74887,23186.63079,23723.90022,22906.70535,21499.5368,22818.65494,24204.70566,27142.36331,28162.88735,27561.24697,36121.19806,39294.96056,43434.92077,44056.7732
Yes,30,DFO-NFLD-COD3Ps-1959-2004-PREFONTAINE,Newfoundland-Labrador Shelf,Gadus morhua,Atlantic cod NAFO 3Ps,Demersal >= 90,107454,114142,110293,117396,129956,126084,147845,187368,202478,171962,140347,120431,113006,107901,86405,58091,32591,33183,52732,75021,87819,93152,93783,86269,91581,95692,96830,98246,98246,98246
Yes,30,DFO-QUE-COD3Pn4RS-1964-2007-PREFONTAINE,Newfoundland-Labrador Shelf,Gadus morhua,Atlantic cod NAFO 3Pn4RS,Demersal >= 90,387761,461081,438560,518125,561758,560150,602678,539595,534162,508854,321434,280971,211412,179325,112630,72387,41015,26347,32791,39753,51600,47881,59799,49987,47043,42778,38629,55403,59135,53460
Yes,30,NAFO-SC-COD3NO-1953-2007-BAUM,Newfoundland-Labrador Shelf,Gadus morhua,Atlantic cod NAFO 3NO,Demersal >= 90,59479,89061,98134,101502,135777,150289,160722,175183,160685,148930,128697,91660,69575,56063,38308,20599,13633,8075,6066,7696,8378,8494,9160,10188,12831,12668,10984,7250,8146,8803
Yes,30,NAFO-SC-GHAL23KLMNO-1960-2006-PREFONTAINE,Newfoundland-Labrador Shelf,Reinhardtius hippoglossoides,Greenland halibut NAFO 23KLMNO,Demersal 30-90,156957,167765,162544,130921,115282,121301,122735,115204,148085,138047,164554,168993,182105,205930,224362,192107,148017,102654,76807,76799,73913,87214,102500,110700,111664,98019,89583,74852,75573,76510
Yes,30,NAFO-SC-REDFISHSPP3LN-1959-2007-PREFONTAINE,Newfoundland-Labrador Shelf,Redfish species,Redfish species NAFO 3LN,Demersal 30-90,181800,187900,197200,203000,205900,200800,199200,199500,204200,202800,181500,128400,101400,92620,87600,85400,81260,82920,101500,125700,152000,176600,197900,214100,226000,236400,244200,249700,254100,257100
Yes,30,WGBFAS-CODKAT-1970-2006-MINTO,North Sea,Gadus morhua,Atlantic cod Kattegat,Demersal >= 90,37623,32552,32150,29390,25049,20021,20694,20802,18723,15088,13248,9468,11325,8571,9921,11145,13184,16401,14386,10245,13899,10088,8947,7025,7209,5724,3952,4757,6376,7980
Yes,30,WGNSSK-CODNS-1962-2007-MINTO,North Sea,Gadus morhua,Atlantic cod North Sea,Demersal >= 90,854151,737068,880983,1159434,785346,771573,596833,779630,478359,732363,540578,410917,459317,311267,290224,430043,367341,534321,539814,431677,559737,345744,246784,253098,180218,223504,148999,129581,129845,156429
Yes,30,WGNSSK-HADNS-IIIa-1963-2006-MINTO,North Sea,Melanogrammus aeglefinus,Haddock ICES IIIa and North Sea,Demersal >= 90,1064134,1106251,1330298,1428853,972386,1073941,2233817,1667269,1172808,1960072,1032238,609635,611607,1520515,1534728,1326278,974818,1413718,1099612,974750,855563,717734,2749772,3016114,942708,635710,558318,577112,2381664,1038703
Yes,30,HAWG-HERRNS-1960-2007-MINTO,North Sea,Clupea harengus,Herring North Sea,Demersal 30-90,211261,225916,383198,631767,1160336,1845289,2721807,2867668,3465627,3475769,3939365,3581728,3312556,2978778,2716467,2438669,2521794,2026535,1836470,1618035,1938631,2044034,2318481,2857544,3229189,3940158,3637878,3329996,2838951,2295022
Yes,30,WGNSSK-POLLNS-VI-IIIa-1964-2006-MINTO,North Sea,Pollachius virens,"Haddock ICES IIIa, VI and North Sea",Demersal >= 90,509424,463810,419101,396704,495014,511429,466864,465471,489750,486118,383490,318464,255620,260684,279524,274873,322524,313634,457359,446472,468075,387255,402641,410441,497328,510864,489421,494974,526224,585508
Yes,30,WGNSSK-WHITNS-VIId-IIIa-1979-2006-MINTO,North Sea,Merlangius merlangus,"Whiting ICES IIIa, VIId and North Sea",Demersal 30-90,837376,837376,837376,837376,637189,492541,513248,485479,441577,664426,537922,418906,561282,482268,456854,407827,376620,359541,361362,295069,239892,227936,254860,354399,292086,263242,178750,174329,138290,151204
Yes,30,RIDEM-LOBSTERRI-1959-2007-COLLIE,Northeast U.S. Shelf,Homarus americanus,American lobster Rhode Island,Invertebrate,1529.794,1333.002,1077.344,991.856,1530.006,1555.276,1531.443,1780.113,1848.611,2152.202,2269.937,2834.345,3907.782,4576.377,4472.701,4256.741,4475.671,4311.464,4908.966,5542.814,5172.309,4851.885,4045.754,3239.309,2540.692,2053.057,2019.421,2220.301,2604.588,2920.318
Yes,30,NEFSC-AMPL5YZ-1960-2008-OBRIEN,Northeast U.S. Shelf,Hippoglossoides platessoides,American plaice NAFO 5YZ,Demersal 30-90,52640.22,52640.22,52640.22,52640.22,43251.89,41104.91,33670.25,26761.48,16788.17,12219.75,11920.71,12623.46,12591.28,13010.45,15629.83,16036.8,14996.91,15203.09,13223.53,13477.2,15122.03,15587.99,13509.11,14210.23,14426,12419.25,12600.45,11431.53,12170.74,15664.03
Yes,30,DFO-COD5Zjm-1978-2003-PREFONTAINE,Northeast U.S. Shelf,Gadus morhua,Atlantic cod NAFO 5Zjm,Demersal >= 90,38000,38000,38936,42595,45497,49102,42860,36565,35728,34455,43179,48416,43958,49080,38411,29977,21875,13126,10384,13606,15373,14400,18021,18843,19826,16683,13781,13781,13781,13781
Yes,30,NEFSC-CODGB-1960-2008-BAUM,Northeast U.S. Shelf,Gadus morhua,Atlantic cod Georges Bank,Demersal >= 90,107771.53,107771.53,122848.92,130712.93,130763.18,129555.38,112283.68,92921.46,81707.6,80435.35,90064.1,96336.45,86698.68,86494.59,74475.88,57855.5,41169.95,27289.12,23789.06,25399.53,27430.12,26999.88,29598.93,30283.88,31813.74,25004.09,18498.07,15703.8,16098.5,19336.02
Yes,30,NEFSC-CODGOM-1893-2008-BAUM,Northeast U.S. Shelf,Gadus morhua,Atlantic cod Gulf of Maine,Demersal >= 90,43546,43546,43546,43546,43546,43546,33521,28112,26387,26870,23335,26023,37459,42730,33631,23200,20796,19030,17582,16899,15998,16006,17147,21273,26786,24933,22559,21993,23280,33989
Yes,30,DFO-HAD4X5Y-1960-2003-PREFONTAINE,Northeast U.S. Shelf,Melanogrammus aeglefinus,Haddock NAFO 4X5Y,Demersal >= 90,71927,90408,87975,86330,85994,79050,66900,55934,49628,45438,39252,33598,29495,32786,38627,37120,31104,33676,43723,47817,46004,48010,44649,60944,75958,71728,76854,76854,76854,76854
Yes,30,DFO-HAD5Zejm-1969-2003-PREFONTAINE,Northeast U.S. Shelf,Melanogrammus aeglefinus,Haddock NAFO 5Zejm,Demersal >= 90,35234,40361,41224,51092,42580,35678,27694,22912,21013,22957,22203,20118,19099,19547,19051,15154,12828,15192,20079,23683,23784,28088,31815,44141,57509,61779,78763,78763,78763,78763
Yes,30,NEFSC-HAD5Y-1956-2008-BAUM,Northeast U.S. Shelf,Melanogrammus aeglefinus,Haddock NAFO 5Y,Demersal >= 90,17192,18141,18882,20102,19238,17430,13303,8484,5838,3545,1864,1117,839,1149,1170,1270,1441,2078,3078,3988,5999,7651,7959,9927,13526,15400,13181,11236,9888,7682
Yes,30,DFO-POLL4VWX5Zc-1974-2007-PREFONTAINE,Northeast U.S. Shelf,Pollachius virens,Pollock NAFO 4VWX5Zc,Demersal >= 90,59483,59483,59483,59483,59483,59483,68864,76792,68043,60773,50630,47814,47092,43748,40928,38216,31085,22579,18165,18521,22254,16600,11074,12804,18389,21594,27514,30810,32496,34130
Yes,30,RIDEM-TAUTOGRI-1959-2007-COLLIE,Northeast U.S. Shelf,Tautoga onitis,Tautog Rhode Island,Demersal >= 90,2350.774,2259.852,1902.079,1898.451,1333.383,1605.119,1595.402,2380.603,1925.692,2236.342,1370.55,1324.821,1357.633,864.188,960.875,725.22,659.575,536.293,718.772,644.979,685.692,685.532,649.429,645.92,700.162,640.311,902.623,986.849,1061.889,1238.467
Yes,30,NEFSC-WINFLOUNSNEMATL-1940-2007-TERCEIRO,Northeast U.S. Shelf,Pseudopleuronectes americanus,Winter flounder Southern New England-Mid Atlantic,Demersal 30-90,35390,35390,35390,35390,35390,32252,37479,34501,26093,21083,17714,13007,12023,11556,10815,8225,8328,11326,12553,10509,12371,12573,11174,10753,9950,7360,6102,5237,5188,6395
Yes,30,RIDEM-WINFLOUNDRI-1959-2007-COLLIE,Northeast U.S. Shelf,Pseudopleuronectes americanus,Winter flounder Rhode Island,Demersal 30-90,3135.4734,3960.0108,4331.1939,4885.4871,4579.7202,4116.3287,4041.9818,3636.7109,3269.0412,2830.8732,1976.7361,1743.9039,1600.998,1518.8636,1541.9217,1111.0803,837.8442,1118.5787,1445.3135,1517.2857,1535.6551,1562.178,1624.0201,1582.972,1370.4378,1248.2339,1363.6834,1307.3979,1313.6334,1285.498
Yes,30,NEFSC-YELLGB-1935-2008-BAUM,Northeast U.S. Shelf,Limanda ferruginea,Yellowtail flounder Georges Bank,Demersal 30-90,14447,12145,14069,15820,18891,21995,17637,9122,6283,6629,5599,4904,6004,7946,7003,8154,6893,7444,6229,7277,11308,13547,16260,19407,19560,18670,17363,12966,7868,9039
Yes,30,NMFS-MENATLAN-1940-2005-STANTON,Northeast U.S. Shelf,Brevoortia tyrannus,Atlantic menhaden,Pelagic,976358.88,893343.9,992905.87,1190071.46,1010330.59,1139749.66,891250.47,801268.21,1097483.97,1076321.74,1163602.61,866595.87,1071327.62,1124182.58,1011979.53,1152559.6,1314469.36,1022785.32,1187297.51,1054017.09,864314.22,729439.75,653877.5,758258.14,792123.89,745577.69,1077214.23,869167.65,689357.43,689357.43
Yes,30,WGHMM-HAKENRTN-1977-2007-JENNINGS,Norwegian Sea,Merluccius merluccius,Hake Northeast Atlantic North,Demersal >= 90,327022,327022,327022,319161,334699,328888,305763,305706,389774,360924,297437,240698,222975,190885,178248,163861,166949,161462,174074,154969,163965,168521,163233,161390,168995,183691,202902,216549,210407,242454
Yes,30,WGMHSA-MACKNEICES-1972-2007-JENNINGS,Norwegian Sea,Scomber scombrus,Mackerel ICES Northeast Atlantic,Pelagic,4291901,3940971,3508363,3188066,3312003,3240362,3355932,3127179,3311479,3309580,3170973,3244732,3316719,3096014,3374407,3463702,3355150,3187204,3354843,3191611,3357207,3220661,3289398,3023339,2888316,2556921,2870110,2720139,3052396,2915510
Yes,30,SPC-ALBASPAC-1959-2007-JENSEN,Pacific High Seas,Thunnus alalunga,Albacore tuna South Pacific Ocean,Pelagic,669900,678080,673990,666140,646370,645680,674660,687580,665770,614750,588980,598770,607710,624180,611920,607900,642670,702240,760980,786010,772420,729070,701950,656820,607730,572430,538510,473410,382110,318910
Yes,30,SPC-BIGEYEWPO-1952-2007-JENSEN,Pacific High Seas,Thunnus obesus,Bigeye tuna Western Pacific Ocean,Pelagic,425000,432000,425000,396000,381000,383000,394000,409000,403000,400000,398000,394000,408000,410000,404000,392000,379000,362000,353000,379000,408000,379000,349000,322000,332000,354000,366000,361000,324000,301000
Yes,30,SPC-SKJCWPAC-1972-2007-JENSEN,Pacific High Seas,Katsuwonus pelamis,Skipjack tuna Central Western Pacific,Pelagic,2777325,3163275,3169150,3163325,2965975,3298750,4093600,4237525,4469600,4751925,5024875,5016650,4048375,4367700,4268550,4129150,3624625,3791850,3625650,3814075,3618275,4757900,4943325,4930875,4546850,4294400,3463950,4214900,4571650,4923525
Yes,30,SPC-YFINCWPAC-1952-2006-JENSEN,Pacific High Seas,Thunnus albacares,Yellowfin tuna Central Western Pacific,Pelagic,2930000,3320000,3480000,3340000,3180000,3260000,3430000,3510000,3460000,3310000,3430000,3490000,3480000,3270000,3150000,3140000,3020000,2860000,2810000,2810000,2780000,2490000,2240000,2030000,1830000,1790000,1810000,1760000,1920000,2220000
Yes,30,DFO-SG-COD4TVn-1965-2007-PREFONTAINE,Scotian Shelf,Gadus morhua,Atlantic cod NAFO 4TVn,Demersal >= 90,161690,254520,292801,309904,316955,335340,365609,370156,432138,471519,367078,298704,245684,213685,165177,123674,96704,98556,100196,105031,108725,111865,106901,101315,97206,82488,72367,72719,70252,66252
Yes,30,CSIRO-NZLINGW-1968-2007-FULTON,Southeast Australian Shelf,Genypterus blacodes,Ling Great Australian Bight,Demersal >= 90,15459.6,15459.6,15459.6,15456.6,15456.8,15413.4,15405.2,15391.4,15144.3,14818.9,14646.8,14227.2,13695.5,13130,12954.8,12751.1,13112.3,13886.4,15029.7,16269.7,17033.8,17356.5,16741.6,15855.2,14872.7,13506.1,12033.9,10722.4,9495.6,8473.45
Yes,30,CSIRO-NZLINGSE-1968-2007-FULTON,Southeast Australian Shelf,Genypterus blacodes,Ling Southeast Australia,Demersal >= 90,14328.6,14227,14104.2,13962.4,13747.7,13457,13068.2,12826.9,12188.6,11801.1,11592.3,11576.1,10892.8,10609.7,10068.3,10035.5,9731.7,9591.1,9682.83,9511.32,9264.05,9362.44,9181.56,8267.74,7585.93,7098.39,6522.54,5838.78,5324.73,4734.25
Yes,30,CSIRO-GEMFISHSE-1966-2007-FULTON,Southeast Australian Shelf,Rexea solandri,Common gemfish Southeast Australia,Demersal >= 90,38521.9,36296.1,31105.3,27399,23554.2,21785.5,21472.5,21399.4,20866.9,19296,16527.9,12955.3,9511.83,7445.03,6083.41,5661.7,5316,4483.32,4139.96,3566.89,2905.52,2350.65,2064.76,1929.18,1948.88,2105.85,2589.84,3286.4,3677.15,3782.19
Yes,30,CSIRO-DEEPFLATHEADSE-1978-2007-FULTON,Southeast Australian Shelf,Platycephalus conatus,Deepwater flathead Southeast Australia,Demersal 30-90,16486,16486,16486,16479.8,16438.2,16315.4,16055.3,15666.3,15219.8,14803.3,14488.7,14314.3,13995.8,13768.1,13662.4,13431.4,13306.3,13023.4,12034,10856.2,9990.95,9848.87,10167.5,10649.8,11001,11431.9,11349.1,10851.8,10395.9,10180.9
Yes,30,CSIRO-MORWONGSE-1913-2007-FULTON,Southeast Australian Shelf,Nemadactylus macropterus,Jackass morwong Southeast Australia,Demersal 30-90,24989.3,23833.3,22733.5,21579.6,19334.4,17650,16677.3,15600.8,14407.4,13954.7,13748.6,12902.7,11814.1,10712.3,10360.6,9616.87,9282.6,8866.3,8124.85,7653.84,7351.71,6572.95,6005.49,5515.89,5054.76,5002.88,5175.25,5465.34,5646.66,6134.93
Yes,30,CSIRO-OROUGHYSE-1978-2007-FULTON,Southeast Australian Shelf,Hoplostethus atlanticus,Orange roughy Southeast Australia,Pelagic,185452,185452,185452,195951,192659,189511,186525,183716,181095,178665,176383,174071,170445,142360,109899,91781.4,70919.2,65211.2,64072.5,64507.9,65274.4,66040.1,66948.4,67861.3,68680,69514.4,70585,72254.1,73877.1,75404.3
Yes,30,CSIRO-SWHITSE-1945-2007-FULTON,Southeast Australian Shelf,Sillago flindersi,School whiting Southeast Australia,Demersal 30-90,13310.6,13170.9,13098.4,12825.6,12414.1,11313.7,10187.7,9002.52,8986.77,10142.7,10440.6,10727.4,10673.5,11000.2,11521.6,12190.2,12488.7,11674.3,11346.8,9811.08,8162.05,6807,6630.53,7990.43,8906.07,8749.99,7705.9,6868.29,7051.23,7692.73
Yes,30,CSIRO-SILVERFISHSE-1978-2006-FULTON,Southeast Australian Shelf,Seriolella punctata,Silverfish Southeast Australia,Demersal 30-90,25368.6,25368.6,25368.6,25328.3,25206.8,24782,24163.1,23767,23938.8,24051.5,22978.8,21605.2,19189,17952,16439.2,16016.9,17094.3,17043.2,18615.3,20278.8,21103.3,20380.9,18648.4,16695.9,15974,16440.1,16382.9,16217.2,15013,14062.8
Yes,30,CSIRO-TIGERFLATSE-1913-2006-FULTON,Southeast Australian Shelf,Neoplatycephalus richardsoni,Tiger flathead Southeast Australia,Demersal 30-90,11149.2,12445.4,14136.7,15829.3,17666.7,19750.3,21621,23242.7,24849.5,26420.5,27740.7,28230.2,28321,28001.1,27866.5,27520.6,27119.1,27174.3,27041.7,26469.9,26872.5,27690.7,29179.8,29342.4,29482,29659.6,28952.2,27512,26250.8,25424.2
Yes,30,SEFSC-RPORGYSATLC-1972-2005-JENSEN,Southeast U.S. Shelf,Pagrus pagrus,Red porgy Southern Atlantic coast,Demersal >= 90,7597.69,7376.97,7001.49,6440.15,5764.01,4924.07,4044.22,3540.24,3150.11,2861.94,2665.02,2487.03,2217.34,1934.93,1570.75,1358.34,1259.66,1223.25,1198.55,1131.47,1097.46,1102.86,1161,1366.64,1671.48,1901.62,2089.32,2286.54,2475,2475
Yes,30,SEFSC-SPANMACKSATLC-1950-2008-JENSEN,Southeast U.S. Shelf,Scomberomorus maculatus,Spanish mackerel Southern Atlantic Coast,Pelagic,12564,11745,11622,11440,10165,11580,9046,8074,9437,10902,12506,13410,13290,12710,13150,12701,12157,11377,11613,12018,12425,11631,12862,13655,13804,14848,14981,13852,13748,14279
