"","geo","taxo","stockid","assessid","m.slope.before","m.slope.after","mcont.slope.before","mcont.slope.after","m.diff","mcont.diff","model.diff","mss.slope.before","mss.slope.after","mss.slope.diff","m.pre.positive","mcont.pre.positive","mss.pre.positive","m.post.positive","mcont.post.positive","mss.post.positive"
"1","NWAtl","Other demersal","ACADREDGOMGB","NEFSC-ACADREDGOMGB-1913-2007-MILLER",-0.0555878438683585,0.230292459800545,-0.0582407551449092,0.170192315366333,0.285880303668903,0.228433070511242,0.0574472331576616,-0.053465,0.21088,0.264345,0,0,0,1,1,1
"2","HighSeas","Pelagic","ALBANATL","ICCAT-ALBANATL-1929-2005-WORM",-0.0185180452273228,-0.024369076367691,-0.0177060412864374,-0.0097452720608889,-0.00585103114036822,0.00796076922554849,-0.0138118003659167,-0.01562,-0.014434,0.001186,0,0,0,0,0,0
"3","HighSeas","Pelagic","ALBASPAC","SPC-ALBASPAC-1959-2006-JENSEN",-0.0372963870894205,-0.0294921409082444,-0.0307446320669123,-0.000664418809208322,0.00780424618117614,0.030080213257704,-0.0222759670765279,-0.033707,-0.034901,-0.001194,0,0,0,0,0,0
"4","NEPac","Pleuronectiformes","ALPLAICBSAI","AFSC-ALPLAICBSAI-1972-2008-MELNYCHUK",0.0457549703433913,-0.0122739588819445,0.0233168246265613,-0.0322189772969045,-0.0580289292253358,-0.0555358019234658,-0.00249312730187001,0.032385,-0.0060381,-0.0384231,1,1,1,0,0,0
"5","NWAtl","Pleuronectiformes","AMPL23K","DFO-NFLD-AMPL23K-1960-2004-PREFONTAINE",-0.0587594282636086,-0.0478977141830569,-0.165663088661895,-0.154801374581343,0.0108617140805516,0.0108617140805517,-3.81639164714898e-17,-0.1073,-0.14696,-0.03966,0,0,0,0,0,0
"6","NWAtl","Pleuronectiformes","AMPL3LNO","NAFO-SC-AMPL3LNO-1955-2007-BAUM",-0.0222439548303582,0.064010051849947,-0.058660410481632,-0.0688029040546984,0.0862540066803052,-0.0101424935730664,0.0963965002533716,-0.052376,0.018713,0.071089,0,0,0,1,0,1
"7","NWAtl","Pleuronectiformes","AMPL5YZ","NEFSC-AMPL5YZ-1960-2008-OBRIEN",-0.139776187917249,0.00866832773081366,-0.0992797362687743,0.0283210175013969,0.148444515648063,0.127600753770171,0.0208437618778914,-0.080942,0.020164,0.101106,0,0,0,1,1,1
"8","NEPac","Pleuronectiformes","ARFLOUNDBSAI","AFSC-ARFLOUNDBSAI-1970-2008-STANTON",0.0523703522498462,0.0381299201362477,0.062793274907841,0.0463047614366358,-0.0142404321135984,-0.0164885134712052,0.00224808135760673,0.059161,0.04513,-0.014031,1,1,1,1,1,1
"9","NEPac","Pleuronectiformes","ARFLOUNDGA","AFSC-ARFLOUNDGA-1958-2010-STANTON",0.0508079817825794,0.0224743916923290,0.052111264613566,0.0256640049365858,-0.0283335900902503,-0.0264472596769802,-0.00188633041327014,0.046687,0.024926,-0.021761,1,1,1,1,1,1
"10","NEPac","Pleuronectiformes","ARFLOUNDPCOAST","NWFSC-ARFLOUNDPCOAST-1916-2007-BRANCH",-0.00950362653078521,0.00273477520247158,-0.00901779238658726,0.0129158583713257,0.0122384017332568,0.0219336507579129,-0.00969524902465615,-0.0059024,0.013643,0.0195454,0,0,0,1,1,1
"11","Med","Pelagic","ATBTUNAEATL","ICCAT-ATBTUNAEATL-1969-2007-WORM",-0.0221454866137863,-0.0550436054565948,-0.0134899822881632,-0.0403419767858673,-0.0328981188428084,-0.0268519944977040,-0.00604612434510438,-0.017268,-0.062149,-0.044881,0,0,0,0,0,0
"12","HighSeas","Pelagic","ATBTUNAWATL","ICCAT-ATBTUNAWATL-1969-2007-WORM",-0.108529249699824,0.0105788006841743,-0.0960505771797997,0.0317741929792161,0.119108050383999,0.127824770159016,-0.00871671977501719,-0.091783,0.019268,0.111051,0,0,0,1,1,1
"13","NEPac","Other demersal","ATKABSAI","AFSC-ATKABSAI-1976-2009-STANTON",0.0189092612989025,-0.00253340359522224,0.0272391328520013,0.00258142981457525,-0.0214426648941247,-0.024657703037426,0.00321503814330128,0.064801,-0.021522,-0.086323,1,1,1,0,1,0
"14","NWAtl","Other demersal","ATLCROAKMATLC","ASMFC-ATLCROAKMATLC-1973-2002-STANTON",0.0676842358624593,0.00343798063757224,0.078175066360963,0.030618768747332,-0.064246255224887,-0.0475562976136311,-0.0166899576112560,0.095238,0.009191,-0.086047,1,1,1,1,1,1
"15","Aust-NZ","Pelagic","AUSSALMONNZ","NIWA-AUSSALMONNZ-1975-2006-JENSEN",-0.0541399264063406,-0.00820910862331288,-0.0475476912682725,-0.000737908800169065,0.0459308177830277,0.0468097824681035,-0.000878964685075735,-0.044009,-0.0080194,0.0359896,0,0,0,0,0,0
"16","NEPac","Other demersal","BGROCKPCOAST","NWFSC-BGROCKPCOAST-1950-2005-STANTON",-0.00931802115251345,-0.00339890211051867,-0.0124040367853369,-0.0287042302996706,0.00591911904199478,-0.0163001935143338,0.0222193125563286,-0.013556,-0.0069978,0.0065582,0,0,0,0,0,0
"17","HighSeas","Pelagic","BIGEYEATL","ICCAT-BIGEYEATL-1950-2005-JENSEN",0.00175737958044704,-0.0358453199297629,-0.0150087366260109,-0.057561432349556,-0.0376026995102099,-0.0425526957235451,0.00494999621333518,-0.0049119,-0.027378,-0.0224661,1,0,0,0,0,0
"18","HighSeas","Pelagic","BIGEYEEPAC","IATTC-BIGEYEEPAC-1975-2007-JENSEN",-0.00100310225883488,-0.0418603100260117,-0.00855217395910497,-0.0494093817262818,-0.0408572077671768,-0.0408572077671768,-1.38777878078145e-17,-0.0073672,-0.043861,-0.0364938,0,0,0,0,0,0
"19","HighSeas","Pelagic","BIGEYEIO","IOTC-BIGEYEIO-1957-2006-JENSEN",-0.00492189152109048,-0.0557750277534999,-0.00617295418792459,-0.0625940066848154,-0.0508531362324094,-0.0564210524968908,0.00556791626448141,-0.011411,-0.051808,-0.040397,0,0,0,0,0,0
"20","HighSeas","Pelagic","BIGEYEWPO","SPC-BIGEYEWPO-1952-2006-JENSEN",-0.0352370594783367,-0.0383847736467365,-0.0325865579094681,-0.0211565134490909,-0.00314771416839983,0.0114300444603773,-0.0145777586287771,-0.028701,-0.040724,-0.012023,0,0,0,0,0,0
"21","Aust-NZ","Other demersal","BIGHTREDSE","CSIRO-BIGHTREDSE-1958-2007-FULTON",0.00382419916247872,-0.0242181178728242,0.00556380511743252,-0.0170422433086398,-0.0280423170353029,-0.0226060484260724,-0.00543626860923059,0.0046979,-0.023388,-0.0280859,1,1,1,0,0,0
"22","Aust-NZ","Other demersal","BLACKOREOWECR","NZMFishDEEPWATER-BLACKOREOWECR-1973-2007-JENSEN",-0.0581098727314541,-0.0155777231757694,-0.0587555357035076,-0.0163895494126897,0.0425321495556847,0.042365986290818,0.000166163264866730,-0.051334,-0.015767,0.035567,0,0,0,0,0,0
"23","NEPac","Other demersal","BLACKROCKNPCOAST","NWFSC-BLACKROCKNPCOAST-1914-2006-BRANCH",-0.00950770871477291,0.0586310973964589,-0.0125616524401663,-0.0158342304410495,0.0681388061112318,-0.0032725780008832,0.071411384112115,-0.01669,0.045798,0.062488,0,0,0,1,0,1
"24","NEPac","Other demersal","BLACKROCKSPCOAST","NWFSC-BLACKROCKSPCOAST-1915-2007-BRANCH",-0.00776523510620673,0.0527876685035356,-0.0103087262413136,-0.00193479518265997,0.0605529036097423,0.0083739310586536,0.0521789725510887,NA,NA,NA,0,0,NA,1,0,NA
"25","NWAtl","Other demersal","BLUEFISHATLC","NEFSC-BLUEFISHATLC-1981-2007-SHEPHERD",-0.141514263469535,0.0302979853670825,-0.151725588187428,0.0269192382177798,0.171812248836618,0.178644826405207,-0.00683257756858985,-0.13138,0.021195,0.152575,0,0,0,1,1,1
"26","NEPac","Other demersal","BLUEROCKCAL","NWFSC-BLUEROCKCAL-1916-2007-BRANCH",-0.0204303245608756,0.0802000235950371,-0.0250386184595228,-0.0163708411927905,0.100630348155913,0.00866777726673232,0.0919625708891804,-0.026959,0.054411,0.08137,0,0,0,1,0,1
"27","NEPac","Other demersal","BOCACCSPCOAST","NWFSC-BOCACCSPCOAST-1951-2006-BRANCH",-0.0142649345579695,0.0425144228129970,-0.0270379970460139,-0.0447681708553062,0.0567793573709665,-0.0177301738092923,0.0745095311802588,-0.032817,0.042092,0.074909,0,0,0,1,0,1
"28","NWAtl","Other demersal","BSBASSMATLC","NEFSC-BSBASSMATLC-1968-2007-SHEPHERD",-0.00448471950882944,0.0504752257980156,-0.0119043115452418,0.0354178184300023,0.054959945306845,0.0473221299752441,0.0076378153316009,0.0051324,0.033116,0.0279836,0,0,1,1,1,1
"29","NWAtl","Other demersal","BUTTERGOMCHATT","NEFSC-BUTTERGOMCHATT-1965-2005-OVERHOLTZ",-0.00869105555492437,-0.0148977355226142,-0.0154146930774757,-0.0430147651623743,-0.00620667996768987,-0.0276000720848987,0.0213933921172088,-0.057816,-0.0034137,0.0544023,0,0,0,0,0,0
"30","NEAtl","Gadidae","BWHITNEA","WGNPBW-BWHITNEA-1980-2007-JENNINGS",-0.0363147852459581,0.0768474741560496,-0.0140820176637019,0.0858386669282855,0.113162259402008,0.0999206845919875,0.0132415748100203,0.007276,0.035135,0.027859,0,0,1,1,1,1
"31","NEPac","Other demersal","CABEZNCAL","AFSC-CABEZNCAL-1916-2005-STANTON",-0.0102784810263899,0.0283299987009837,-0.0122057467404524,-0.0239814992521428,0.0386084797273736,-0.0117757525116904,0.050384232239064,-0.016192,0.023092,0.039284,0,0,0,1,0,1
"32","NEPac","Other demersal","CABEZSCAL","AFSC-CABEZSCAL-1932-2005-STANTON",-0.0334984245521346,0.0178299819476144,-0.0373627060155902,-0.0473107627220646,0.051328406499749,-0.00994805670647442,0.0612764632062235,-0.033988,0.057346,0.091334,0,0,0,1,0,1
"33","NEAtl","Pelagic","CAPEICE","NWWG-CAPEICE-1977-2007-MINTO",0.00994264351205192,-0.00888896014137695,0.0341017140439837,0.00943166834533794,-0.0188316036534289,-0.0246700456986457,0.00583844204521686,0.036743,0.0080594,-0.0286836,1,1,1,0,1,1
"34","NEAtl","Pelagic","CAPENOR","AFWG-CAPENOR-1965-2007-MINTO",0.0571443492410243,0.00885954862872893,0.0584532742088762,0.0301026309011032,-0.0482848006122953,-0.0283506433077731,-0.0199341573045223,NA,NA,NA,1,1,NA,1,1,NA
"35","SAfr","Other demersal","CHAKESA","MARAM-CHAKESA-1917-2008-DEDECKER",-0.008493340833051,-0.028002938417902,-0.00675922678277066,0.00344913014110395,-0.0195095975848510,0.0102083569238746,-0.0297179545087256,NA,NA,NA,0,0,NA,0,1,NA
"36","NEPac","Other demersal","CHILISPCOAST","NWFSC-CHILISPCOAST-1892-2007-BRANCH",-0.0071522943891204,0.0623968971767452,-0.00903560476212584,-0.00615006125249681,0.0695491915658656,0.00288554350962903,0.0666636480562366,-0.010924,0.049982,0.060906,0,0,0,1,0,1
"37","SEPac","Pelagic","CHTRACCH","IFOP-CHTRACCH-1975-2007-JENSEN",0.170283371873499,-0.0394903527908533,0.113512185146161,-0.096261539518191,-0.209773724664352,-0.209773724664352,-2.77555756156289e-17,0.12758,-0.067439,-0.195019,1,1,1,0,0,0
"38","NEPac","Pelagic","CMACKPCOAST","SWFSC-CMACKPCOAST-1929-2008-PINSKY",-0.00876280737777097,-0.0786329138588282,-0.00705393794952748,-0.0568196982159554,-0.0698701064810573,-0.0497657602664279,-0.0201043462146294,-0.033211,-0.026522,0.006689,0,0,0,0,0,0
"39","NWAtl","Gadidae","COD3NO","NAFO-SC-COD3NO-1953-2007-BAUM",-0.0161366616993266,0.00240248047084552,-0.0445985129348045,-0.108096471384539,0.0185391421701721,-0.0634979584497346,0.0820371006199067,-0.04955,-0.038637,0.010913,0,0,0,1,0,0
"40","NWAtl","Gadidae","COD3Pn4RS","DFO-QUE-COD3Pn4RS-1964-2007-PREFONTAINE",-0.0610640062675938,0.0545083196917756,-0.135292140461613,-0.0289983312764957,0.115572325959369,0.106293809185117,0.00927851677425241,-0.10095,0.017577,0.118527,0,0,0,1,0,1
"41","NWAtl","Gadidae","COD3Ps","DFO-NFLD-COD3Ps-1959-2004-PREFONTAINE",0.0145215398674846,0.119532985916612,-0.0269187588363420,0.0717172566429663,0.105011446049128,0.0986360154793083,0.00637543056981944,0.0036707,0.085307,0.0816363,1,0,1,1,1,1
"42","NWAtl","Gadidae","COD4TVn","DFO-SG-COD4TVn-1965-2007-PREFONTAINE",0.0391614440295123,-0.0285701912534171,0.00216113374341207,-0.0857030233128366,-0.0677316352829294,-0.0878641570562487,0.0201325217733193,-0.025257,-0.033466,-0.008209,1,1,0,0,0,0
"43","NWAtl","Gadidae","COD4VsW","DFO-MAR-COD4VsW-1958-2002-PREFONTAINE",0.0378794325420881,-0.139909180387991,0.00504087466212786,-0.254844132967852,-0.177788612930079,-0.25988500762998,0.0820963946999006,-0.014809,-0.17339,-0.158581,1,1,0,0,0,0
"44","NWAtl","Gadidae","COD5Zjm","DFO-COD5Zjm-1978-2003-PREFONTAINE",0.00362761074734494,-0.00324722739431764,-0.0428301244615693,-0.0574479184713843,-0.00687483814166258,-0.0146177940098150,0.00774295586815237,-0.020192,-0.052148,-0.031956,1,0,0,0,0,0
"45","NEAtl","Gadidae","CODBA2224","WGBFAS-CODBA2224-1969-2007-JENNINGS",-0.0365483726512624,-0.00140891870713401,-0.0362397823855979,-0.000884769064718537,0.0351394539441284,0.0353550133208793,-0.000215559376750961,-0.070612,0.053503,0.124115,0,0,0,0,0,1
"46","NEAtl","Gadidae","CODBA2532","WGBFAS-CODBA2532-1964-2007-JENNINGS",0.0221278690472765,-0.0546391629903492,-0.000486077418183916,-0.115885268000971,-0.0767670320376258,-0.115399190582787,0.0386321585451616,-0.036212,-0.0092971,0.0269149,1,0,0,0,0,0
"47","NEAtl","Gadidae","CODFAPL","NWWG-CODFAPL-1959-2006-MINTO",-0.0075537715735541,-0.0324895552224671,-0.00941232068692626,-0.0396914330367842,-0.024935783648913,-0.030279112349858,0.00534332870094497,-0.024784,-0.010119,0.014665,0,0,0,0,0,0
"48","NWAtl","Gadidae","CODGB","NEFSC-CODGB-1960-2008-BAUM",-0.0325569866095108,-0.049016639094428,-0.0753024694755309,-0.0776183960121326,-0.0164596524849172,-0.00231592653660176,-0.0141437259483155,-0.063215,-0.050264,0.012951,0,0,0,0,0,0
"49","NWAtl","Gadidae","CODGOM","NEFSC-CODGOM-1893-2008-BAUM",0.0095442985132456,0.0457539133489863,-0.0627575093593465,0.0218305210382022,0.0362096148357407,0.0845880303975487,-0.048378415561808,-0.054022,0.069255,0.123277,1,0,0,1,1,1
"50","NEAtl","Gadidae","CODICE","NWWG-CODICE-1952-2006-MINTO",-0.0432120406066716,0.0230750836715232,-0.041238217794289,0.0340298002802467,0.0662871242781948,0.0752680180745357,-0.00898089379634091,-0.040636,0.01445,0.055086,0,0,0,1,1,1
"51","NEAtl","Gadidae","CODIS","WGNSDS-CODIS-1968-2006-MINTO",-0.0114473322419143,-0.0595269057047646,-0.0249248325297017,-0.0905251563666756,-0.0480795734628503,-0.065600323836974,0.0175207503741236,-0.023072,-0.073673,-0.050601,0,0,0,0,0,0
"52","NEAtl","Gadidae","CODKAT","WGBFAS-CODKAT-1970-2006-MINTO",-0.0973125352967403,-0.0764821410167122,-0.0752312281076025,-0.037839853435721,0.0208303942800281,0.0373913746718815,-0.0165609803918534,-0.078121,-0.032862,0.045259,0,0,0,0,0,0
"53","NEAtl","Gadidae","CODNEAR","AFWG-CODNEAR-1943-2006-MINTO",-0.0244424696584882,-0.0202512360052311,-0.0129357599295884,0.0789941354065295,0.00419123365325715,0.091929895336118,-0.0877386616828608,-0.0060456,-0.029091,-0.0230454,0,0,0,0,1,0
"54","NEAtl","Gadidae","CODNS","WGNSSK-CODNS-1962-2007-MINTO",-0.0351764443110957,-0.0762062403344582,-0.0348405986941085,-0.075203642389629,-0.0410297960233626,-0.0403630436955205,-0.000666752327842052,-0.028116,-0.044241,-0.016125,0,0,0,0,0,0
"55","NEAtl","Gadidae","CODVIa","WGNSDS-CODVIa-1977-2006-MINTO",-0.0540724949368538,-0.102838008465390,-0.0464241507289179,-0.097038014107705,-0.048765513528536,-0.0506138633787871,0.00184834985025115,-0.063173,-0.090972,-0.027799,0,0,0,0,0,0
"56","NEPac","Other demersal","COWCODSCAL","NWFSC-COWCODSCAL-1900-2007-BRANCH",-0.0256672291292228,0.0447640641701538,-0.031336411573371,-0.129730036647525,0.0704312932993765,-0.098393625074154,0.168824918373531,-0.042981,0.041996,0.084977,0,0,0,1,0,1
"57","NEPac","Other demersal","CROCKPCOAST","NWFSC-CROCKPCOAST-1916-2007-BRANCH",-0.0186932308982184,0.0662547905277735,-0.0222154713523893,-0.0075568660486026,0.0849480214259919,0.0146586053037867,0.0702894161222052,-0.025071,0.05056,0.075631,0,0,0,1,0,1
"58","SAfr","Pelagic","CTRACSA","MARAM-CTRACSA-1950-2007-Johnston",-0.00155033591601801,0.00465958190976262,-0.000283883062953138,0.0126773459280631,0.00620991782578064,0.0129612289910162,-0.00675131116523555,-0.012664,0.009066,0.02173,0,0,0,1,1,1
"59","SAfr","Other demersal","DEEPCHAKESA","MARAM-DEEPCHAKESA-1917-2008-DEDECKER",-0.0388356483147799,-0.0134595175753895,-0.0368690050889302,0.0222099919130616,0.0253761307393904,0.0590789970019918,-0.0337028662626014,-0.026321,0.001325,0.027646,0,0,0,0,1,1
"60","Aust-NZ","Other demersal","DEEPFLATHEADSE","CSIRO-DEEPFLATHEADSE-1978-2007-FULTON",-0.0193973913453811,-0.0298955163934927,-0.0261264657621622,-0.034398058834133,-0.0104981250481116,-0.00827159307197083,-0.00222653197614078,-0.020061,-0.021231,-0.00117,0,0,0,0,0,0
"61","NEPac","Other demersal","DKROCKPCOAST","NWFSC-DKROCKPCOAST-1928-2007-BRANCH",-0.0170853464125139,-0.00619935827684119,-0.0221669869335858,-0.081527206000965,0.0108859881356727,-0.0593602190673792,0.0702462072030519,-0.024263,0.0020653,0.0263283,0,0,0,0,0,1
"62","NEPac","Pleuronectiformes","DSOLEPCOAST","SWFSC-DSOLEPCOAST-1910-2005-STANTON",-0.0102760960766306,0.0356611688952282,-0.0111692175929335,0.0074130112224481,0.0459372649718588,0.0185822288153816,0.0273550361564772,-0.010794,0.031954,0.042748,0,0,0,1,1,1
"63","NEPac","Other demersal","DUSROCKGA","AFSC-DUSROCKGA-1973-2008-MELNYCHUK",0.0461352543207597,0.0382548675636891,0.0484427962473942,0.0400364256688113,-0.00788038675707065,-0.00840637057858292,0.00052598382151227,0.042856,0.036359,-0.006497,1,1,1,1,1,1
"64","NEPac","Pleuronectiformes","ESOLEPCOAST","NWFSC-ESOLEPCOAST-1876-2007-BRANCH",-0.0132232324370562,0.133260432551787,-0.0138676529913720,0.101655395071741,0.146483664988843,0.115523048063113,0.0309606169257303,-0.012961,0.10947,0.122431,0,0,0,1,1,1
"65","NEPac","Pleuronectiformes","FLSOLEBSAI","AFSC-FLSOLEBSAI-1977-2008-STANTON",0.206784242892625,-0.00788676676711339,0.202013603594579,-0.0111607349128307,-0.214671009659738,-0.21317433850741,-0.00149667115232791,0.17792,-3.2502e-05,-0.177952502,1,1,1,0,0,0
"66","NorthMidAtl","Other demersal","GAGGM","SEFSC-GAGGM-1963-2004-JENSEN",-0.0493614448662632,0.0824873397700717,-0.0480552819812577,0.0883148357185575,0.131848784636335,0.136370117699815,-0.00452133306348032,-0.051823,0.068727,0.12055,0,0,0,1,1,1
"67","NorthMidAtl","Other demersal","GAGSATLC","SEFSC-GAGSATLC-1962-2005-JENSEN",-0.0454826674637344,0.0239299932826577,-0.0428801420351326,0.0347118843440079,0.0694126607463921,0.0775920263791406,-0.00817936563274849,-0.038242,0.034933,0.073175,0,0,0,1,1,1
"68","Aust-NZ","Other demersal","GEMFISHNZ","NZMFishMIDDEPTHSWG-GEMFISHNZ-1952-2007-JENSEN",-0.0124211262471184,-0.093649194020392,-0.0107815042837832,-0.082991651258713,-0.0812280677732737,-0.0722101469749299,-0.0090179207983438,-0.0072433,-0.076601,-0.0693577,0,0,0,0,0,0
"69","Aust-NZ","Other demersal","GEMFISHSE","CSIRO-GEMFISHSE-1966-2007-FULTON",-0.0529072506817591,-0.0471198485627062,-0.072065358473185,-0.0929020914466285,0.00578740211905289,-0.0208367329734434,0.0266241350924963,-0.067759,-0.028779,0.03898,0,0,0,0,0,0
"70","NWAtl","Pleuronectiformes","GHAL23KLMNO","NAFO-SC-GHAL23KLMNO-1960-2006-PREFONTAINE",0.0581662324507535,-0.147240192685500,0.0511919053540615,-0.155144430061751,-0.205406425136254,-0.206336335415813,0.00092991027955891,0.070707,-0.16738,-0.238087,1,1,1,0,0,0
"71","NEPac","Pleuronectiformes","GHALBSAI","AFSC-GHALBSAI-1960-2009-STANTON",0.0319095670308935,-0.0834917253949242,0.0177070974345096,-0.124687192762213,-0.115401292425818,-0.142394290196723,0.0269929977709052,0.01425,-0.073882,-0.088132,1,1,1,0,0,0
"72","NEAtl","Pleuronectiformes","GHALNEAR","AFWG-GHALNEAR-1959-2007-JENNINGS",-0.0557786585672129,0.0853808211831258,-0.0680547040119018,0.0467112780323557,0.141159479750339,0.114765982044258,0.0263934977060812,-0.053731,0.056391,0.110122,0,0,0,1,1,1
"73","NEPac","Other demersal","GOPHERSPCOAST","SWFSC-GOPHERSPCOAST-1965-2005-STANTON",-0.0193976764715483,0.0388272894010739,-0.0109943337024948,0.0669184638004812,0.0582249658726222,0.077912797502976,-0.0196878316303538,-0.0083878,0.018564,0.0269518,0,0,0,1,1,1
"74","NorthMidAtl","Other demersal","GRAMBERSATLC","SEFSC-GRAMBERSATLC-1946-2006-JENSEN",-0.0153239766160431,0.00667509512602865,-0.0192907405469616,-0.0275382437781431,0.0219990717420718,-0.00824750323118148,0.0302465749732533,-0.021436,-0.0086321,0.0128039,0,0,0,1,0,0
"75","NorthMidAtl","Other demersal","GTRIGGM","SEFSC-GTRIGGM-1981-2004-JENSEN",0.0183731411926146,-0.0410530998566625,0.00333595240972278,-0.0501415106595091,-0.059426241049277,-0.0534774630692319,-0.00594877798004509,0.014132,-0.053974,-0.068106,1,1,1,0,0,0
"76","NWAtl","Gadidae","HAD4X5Y","DFO-HAD4X5Y-1960-2003-PREFONTAINE",-0.0223497058953499,0.0732747203224925,-0.0294133422576533,0.0523554895572093,0.0956244262178424,0.0817688318148627,0.0138555944029797,-0.016425,0.068422,0.084847,0,0,0,1,1,1
"77","NWAtl","Gadidae","HAD5Y","NEFSC-HAD5Y-1956-2008-BAUM",-0.265278730963072,0.152207335239793,-0.206887399287957,0.197288878077198,0.417486066202865,0.404176277365155,0.0133097888377099,-0.19238,0.12511,0.31749,0,0,0,1,1,1
"78","NWAtl","Gadidae","HAD5Zejm","DFO-HAD5Zejm-1969-2003-PREFONTAINE",0.00291042681194605,0.167025348789659,-0.0167859110299982,0.103138509379250,0.164114921977713,0.119924420409249,0.0441905015684648,-0.029267,0.15992,0.189187,1,0,0,1,1,1
"79","NEAtl","Gadidae","HADFAPL","NWWG-HADFAPL-1955-2006-MINTO",0.00678511652595462,0.103502364722400,-0.00539964153468958,0.043086272671706,0.0967172481964455,0.0484859142063955,0.04823133399005,-0.018408,0.068544,0.086952,1,0,0,1,1,1
"80","NWAtl","Gadidae","HADGB","NEFSC-HADGB-1930-2008-BAUM",-0.0234300589463048,0.192908448645995,-0.0275169411634548,0.137915842341698,0.216338507592300,0.165432783505153,0.0509057240871467,-0.028556,0.19663,0.225186,0,0,0,1,1,1
"81","NEAtl","Gadidae","HADICE","NWWG-HADICE-1977-2007-MINTO",-0.0387023109083042,0.0674156058573549,-0.053981658860658,0.0586524504140932,0.106117916765659,0.112634109274751,-0.00651619250909208,-0.046726,0.058887,0.105613,0,0,0,1,1,1
"82","NEAtl","Gadidae","HADNEAR","AFWG-HADNEAR-1947-2006-MINTO",-0.0135033155840254,0.0311106334801021,-0.00783969985587829,0.0717470763295576,0.0446139490641275,0.0795867761854359,-0.0349728271213084,0.0061161,0.04213,0.0360139,0,0,1,1,1,1
"83","NEAtl","Gadidae","HADNS-IIIa","WGNSSK-HADNS-IIIa-1963-2006-MINTO",-0.0460503173209071,0.0512519421738988,-0.0453207108381772,0.0537204441071349,0.0973022594948059,0.0990411549453122,-0.00173889545050628,-0.050955,0.036849,0.087804,0,0,0,1,1,1
"84","NEAtl","Gadidae","HADVIa","WGNSDS-HADVIa-1977-2006-MINTO",-0.0452583819166735,0.0238641527221919,-0.0433076523403345,0.025343455984249,0.0691225346388654,0.0686511083245834,0.000471426314281972,-0.045227,0.026235,0.071462,0,0,0,1,1,1
"85","NEAtl","Other demersal","HAKENRTN","WGHMM-HAKENRTN-1977-2007-JENNINGS",-0.0589361581557785,0.0268272960693818,-0.0859594049131596,0.0113286692526485,0.0857634542251602,0.097288074165808,-0.0115246199406479,-0.067938,0.029186,0.097124,0,0,0,1,1,1
"86","NEAtl","Other demersal","HAKESOTH","WGHMM-HAKESOTH-1982-2007-JENNINGS",-0.106690650915628,-0.0226913349791158,-0.115466548240382,-0.0255951245351004,0.0839993159365124,0.0898714237052812,-0.0058721077687688,-0.094902,-0.024992,0.06991,0,0,0,0,0,0
"87","NEAtl","Pelagic","HERR2532","WGBFAS-HERR2532-1973-2006-JENNINGS",-0.0393059550637557,-0.0139913960180643,-0.0499214229269897,-0.0275261175436877,0.0253145590456914,0.0223953053833020,0.00291925366238938,-0.037208,0.0032429,0.0404509,0,0,0,0,0,1
"88","NEAtl","Pelagic","HERR30","WGBFAS-HERR30-1972-2007-JENNINGS",0.046852902079332,-0.0143862625814818,0.0589134666108093,0.00280004187587323,-0.0612391646608138,-0.056113424734936,-0.0051257399258778,0.053952,-0.014242,-0.068194,1,1,1,0,1,0
"89","NEAtl","Pelagic","HERR31","WGBFAS-HERR31-1979-2006-JENNINGS",-0.00101856117879799,-0.0361974283052898,-0.0496518030624628,-0.0629457113413054,-0.0351788671264918,-0.0132939082788427,-0.0218849588476491,-0.0097309,-0.061518,-0.0517871,0,0,0,0,0,0
"90","NWAtl","Pelagic","HERR4RFA","DFO-QUE-HERR4RFA-1973-2003-PREFONTAINE",0.00644484231046646,-0.0308368458605342,0.00804407439076613,-0.0273308370691080,-0.0372816881710007,-0.0353749114598741,-0.00190677671112656,-0.010666,-0.026344,-0.015678,1,1,0,0,0,0
"91","NWAtl","Pelagic","HERR4RSP","DFO-QUE-HERR4RSP-1965-2004-PREFONTAINE",0.0153083087772665,0.0162329804001427,-0.00358146482427948,-0.0566275749201061,0.00092467162287621,-0.0530461100958266,0.0539707817187028,0.0039204,-0.010111,-0.0140314,1,0,1,1,0,0
"92","NWAtl","Pelagic","HERR4VWX","DFO-HERR4VWX-1965-2006-PREFONTAINE",0.00454109531950097,-0.0964959965312382,-0.00947857970052636,-0.137503545964818,-0.101037091850739,-0.128024966264292,0.0269878744135526,-0.013923,-0.12904,-0.115117,1,0,0,0,0,0
"93","NEPac","Pelagic","HERRCC","DFO-PAC-HERRCC-1951-2007-COLLIE",0.0196740652832445,-0.0598213553578501,0.0220354120090574,-0.0455838236286839,-0.0794954206410946,-0.0676192356377413,-0.0118761850033533,0.012521,-0.05903,-0.071551,1,1,1,0,0,0
"94","NEAtl","Pelagic","HERRNIRS","HAWG-HERRNIRS-1960-2006-JENNINGS",0.0228884071988728,-0.0241925279292506,0.0102019663401466,-0.0733524862568147,-0.0470809351281234,-0.0835544525969613,0.0364735174688378,0.029208,0.025224,-0.003984,1,1,1,0,0,1
"95","NEAtl","Pelagic","HERRNS","HAWG-HERRNS-1960-2007-MINTO",-0.0233983536482940,0.099886553088964,-0.0181656156139194,0.121515203631046,0.123284906737258,0.139680819244965,-0.0163959125077071,-0.027511,0.038394,0.065905,0,0,0,1,1,1
"96","NWAtl","Pelagic","HERRNWATLC","NEFSC-HERRNWATLC-1960-2005-OVERHOLTZ",-0.0683269760642827,0.0385965278327876,-0.0274105619376916,0.155500568194476,0.106923503897070,0.182911130132168,-0.0759876262350978,-0.028168,0.038718,0.066886,0,0,0,1,1,1
"97","NEPac","Pelagic","HERRPRD","DFO-PAC-HERRPRD-1951-2007-COLLIE",0.00246738602387705,-0.0194578719361764,0.00374068015231128,-0.0117806573382642,-0.0219252579600535,-0.0155213374905755,-0.006403920469478,0.0077121,-0.034851,-0.0425631,1,1,1,0,0,0
"98","NEPac","Pelagic","HERRPWS","ADFG-HERRPWS-1980-2006-COLLIE",0.0596665288425628,-0.0798885097413938,-0.0234445087382892,-0.125599580410862,-0.139555038583957,-0.102155071672573,-0.0373999669113834,0.041036,-0.15241,-0.193446,1,0,1,0,0,0
"99","NEPac","Pelagic","HERRQCI","DFO-PAC-HERRQCI-1951-2007-COLLIE",0.0456601523321047,-0.0467745689286209,0.0357972531976795,-0.106242049003831,-0.0924347212607256,-0.142039302201511,0.0496045809407854,0.0183,-0.036066,-0.054366,1,1,1,0,0,0
"100","NEAtl","Pelagic","HERRRIGA","WGBFAS-HERRRIGA-1976-2007-JENNINGS",0.0390261206466837,-0.0211688964296838,0.058694971747561,-0.00598338638856528,-0.0601950170763675,-0.0646783581361263,0.00448334105975879,0.053605,-0.010788,-0.064393,1,1,1,0,0,0
"101","NEPac","Pelagic","HERRSITKA","ADFG-HERRSITKA-1978-2007-COLLIE",0.0672498340675987,0.0676830358133481,0.0401148969516047,0.049526570537205,0.000433201745749401,0.00941167358560032,-0.00897847183985092,0.071164,0.027257,-0.043907,1,1,1,1,1,1
"102","NEPac","Pelagic","HERRSOG","DFO-PAC-HERRSOG-1951-2007-COLLIE",0.0229572056588678,-0.000813461096184073,0.0258213084579152,0.0164553940157195,-0.0237706667550519,-0.00936591444219573,-0.0144047523128561,0.016199,-0.015358,-0.031557,1,1,1,0,1,0
"103","NEAtl","Pelagic","HERRVIa","HAWG-HERRVIa-1957-2006-MINTO",-0.0377322075844285,0.000292344396354137,-0.0375981900389209,0.000918876421601947,0.0380245519807826,0.0385170664605229,-0.000492514479740261,-0.022202,-0.025057,-0.002855,0,0,0,1,1,0
"104","NEPac","Pelagic","HERRWCVANI","DFO-PAC-HERRWCVANI-1951-2007-COLLIE",0.0286982896125060,-0.156198820757529,0.0266480784212503,-0.168560388234219,-0.184897110370036,-0.195208466655469,0.0103113562854336,0.014028,-0.1783,-0.192328,1,1,1,0,0,0
"105","Aust-NZ","Other demersal","HOKIENZ","NZMFishHOKIWG-HOKIENZ-1972-2007-FRANCIS",-0.000291917492657617,-0.0679847066502485,-0.000948711714068997,-0.0689022868125144,-0.0676927891575909,-0.0679535750984454,0.000260785940854519,-0.00021053,-0.052949,-0.05273847,0,0,0,0,0,0
"106","Aust-NZ","Other demersal","HOKIWNZ","NZMFishHOKIWG-HOKIWNZ-1972-2007-FRANCIS",-0.0101644292063457,-0.111732837303616,-0.00890619808544959,-0.109975014414129,-0.101568408097271,-0.101068816328679,-0.000499591768591101,-0.030994,-0.081249,-0.050255,0,0,0,0,0,0
"107","NEPac","Other demersal","KELPGREENLINGORECOAST","NWFSC-KELPGREENLINGORECOAST-1979-2005-STANTON",0.0131824202714041,-0.0608879032564638,0.0278531810832439,-0.04998962379624,-0.0740703235278679,-0.0778428048794839,0.00377248135161597,0.025586,-0.064329,-0.089915,1,1,1,0,0,0
"108","SAfr","Pelagic","KINGKLIPSA","MARAM-KINGKLIPSA-1932-2008-DEDECKER",-0.0112667423446534,0.00193777348902627,-0.0119556856545167,-0.00603235499762707,0.0132045158336797,0.00592333065688962,0.00728118517679008,-0.012436,0.0056794,0.0181154,0,0,0,1,0,1
"109","NEPac","Other demersal","LINGCODNPCOAST","PFMC-LINGCODNPCOAST-1956-2005-STANTON",-0.0425027703574020,0.157488149659821,-0.0586664211983277,0.0605062446142671,0.199990920017223,0.119172665812595,0.0808182542046283,-0.058908,0.13952,0.198428,0,0,0,1,1,1
"110","NEPac","Other demersal","LINGCODSPCOAST","PFMC-LINGCODSPCOAST-1956-2005-STANTON",-0.0510560890101531,0.0525385972873581,-0.0624082150326612,-0.0155741588476901,0.103594686297511,0.0468340561849711,0.0567606301125402,-0.059069,0.040434,0.099503,0,0,0,1,0,1
"111","NEPac","Shark/Skate","LNOSESKAPCOAST","NWFSC-LNOSESKAPCOAST-1915-2007-BRANCH",-0.00446598678289115,-0.00995853391346126,-0.00438834081870803,-0.00828800383110972,-0.00549254713057011,-0.00389966301240169,-0.00159288411816843,-0.0043343,-0.0058623,-0.001528,0,0,0,0,0,0
"112","NEPac","Other demersal","LSTHORNHPCOAST","NWFSC-LSTHORNHPCOAST-1962-2005-STANTON",-0.00187406940647387,-0.0173966591739826,-0.00401387034095942,-0.0250999425381305,-0.0155225897675087,-0.0210860721971711,0.00556348242966243,-0.0041267,-0.017371,-0.0132443,0,0,0,0,0,0
"113","NWAtl","Pelagic","MACKGOMCHATT","NEFSC-MACKGOMCHATT-1960-2005-OVERHOLTZ",0.0336464604374722,0.0668098352993662,0.0276213544377445,0.0380085044215468,0.0331633748618940,0.0103871499838023,0.0227762248780916,0.049475,0.050396,0.000921000000000005,1,1,1,1,1,1
"114","NEAtl","Pelagic","MACKNEICES","WGMHSA-MACKNEICES-1972-2007-JENNINGS",-0.0285853653459686,-0.0158015508099470,-0.0217013433292637,-0.00490184928349754,0.0127838145360216,0.0167994940457661,-0.00401567950974453,-0.024146,-0.0088193,0.0153267,0,0,0,0,0,0
"115","NorthMidAtl","Pelagic","MENATGM","SEFSC-MENATGM-1964-2004-GILROY",0.0429638293001751,0.0159558974478334,0.0445042925644467,0.0223547448532694,-0.0270079318523417,-0.0221495477111773,-0.00485838414116437,0.044911,-0.0081267,-0.0530377,1,1,1,1,1,0
"116","Aust-NZ","Other demersal","MORWONGSE","CSIRO-MORWONGSE-1913-2007-FULTON",-0.00784768329300258,-0.0644173357617689,-0.0101799284615452,-0.117252978146178,-0.0565696524687663,-0.107073049684633,0.0505033972158665,-0.014633,-0.050331,-0.035698,0,0,0,0,0,0
"117","NorthMidAtl","Other demersal","MUTSNAPSATLCGM","SEFSC-MUTSNAPSATLCGM-1981-2006-JENSEN",-0.0523483072174005,0.0635140396973306,-0.0669159502041204,0.0568372033284173,0.115862346914731,0.123753153532538,-0.00789080661780658,-0.046218,0.055458,0.101676,0,0,0,1,1,1
"118","NEPac","Other demersal","NROCKBSAI","AFSC-NROCKBSAI-1974-2009-STANTON",0.0387728640369719,0.0132302724849043,0.0386270622321046,0.013140745060863,-0.0255425915520675,-0.0254863171712416,-5.62743808259734e-05,0.037487,0.012726,-0.024761,1,1,1,1,1,1
"119","NEPac","Other demersal","NROCKGA","AFSC-NROCKGA-1959-2008-MELNYCHUK",-0.0231682897122320,-0.0219501654238686,-0.0124116921838036,0.0107414545154725,0.00121812428836333,0.0231531466992761,-0.0219350224109127,-0.019697,-0.023933,-0.004236,0,0,0,0,1,0
"120","NEPac","Pleuronectiformes","NRSOLEEBSAI","AFSC-NRSOLEEBSAI-1971-2008-STANTON",0.108124774482952,0.0296319051221001,0.133137322653498,0.0546444532926464,-0.0784928693608514,-0.0784928693608514,-1.38777878078145e-17,0.11506,0.036469,-0.078591,1,1,1,1,1,1
"121","Aust-NZ","Other demersal","NZLINGESE","CSIRO-NZLINGESE-1968-2007-FULTON",-0.0149521266094473,-0.0494249190815618,-0.0165383326291528,-0.0526439842391994,-0.0344727924721145,-0.0361056516100466,0.00163285913793212,-0.017316,-0.057601,-0.040285,0,0,0,0,0,0
"122","Aust-NZ","Other demersal","NZLINGLIN3-4","NZMFishMIDDEPTHSWG-NZLINGLIN3-4-1972-2007-JENSEN",0.00743632959334218,-0.0206738511923286,-0.00197906717839695,-0.0338277143293171,-0.0281101807856708,-0.0318486471509202,0.00373846636524936,-0.0082458,-0.019971,-0.0117252,1,0,0,0,0,0
"123","Aust-NZ","Other demersal","NZLINGLIN5-6","NZMFishMIDDEPTHSWG-NZLINGLIN5-6-1972-2007-JENSEN",-0.00143618082966062,-0.0149002769833588,-0.00437913200987205,-0.0190117528968895,-0.0134640961536982,-0.0146326208870174,0.00116852473331925,-0.0021384,-0.017294,-0.0151556,0,0,0,0,0,0
"124","Aust-NZ","Other demersal","NZLINGLIN6b","NZMFishMIDDEPTHSWG-NZLINGLIN6b-1980-2006-JENSEN",0.00139186890993777,-0.032352532264513,-0.00496372369918935,-0.0358481081995329,-0.0337444011744508,-0.0308843845003436,-0.00286001667410721,-0.007437,-0.039026,-0.031589,1,0,0,0,0,0
"125","Aust-NZ","Other demersal","NZLINGLIN72","NZMFishMIDDEPTHSWG-NZLINGLIN72-1972-2007-JENSEN",-0.0155642274737115,-0.00078915094429647,-0.0231077206624773,-0.0113278546638957,0.0147750765294150,0.0117798659985816,0.00299521053083347,-0.021963,-0.01359,0.008373,0,0,0,0,0,0
"126","Aust-NZ","Other demersal","NZLINGLIN7WC","NZMFishMIDDEPTHSWG-NZLINGLIN7WC-1972-2008-JENSEN",-0.0119542149569520,-0.00238210317752255,-0.0184369700316667,-0.0104325833356650,0.00957211177942944,0.0080043866960017,0.00156772508342774,-0.01805,0.0044556,0.0225056,0,0,0,0,0,1
"127","Aust-NZ","Other demersal","NZLINGWSE","CSIRO-NZLINGWSE-1968-2007-FULTON",-0.00426238359437877,-0.0175554763047460,-0.00408504414196997,-0.0171955815336811,-0.0132930927103672,-0.0131105373917111,-0.000182555318656108,-0.0099828,-0.028266,-0.0182832,0,0,0,0,0,0
"128","Aust-NZ","Other demersal","NZSNAPNZ8","NZMFishINSHOREWG-NZSNAPNZ8-1931-2005-JENSEN",-0.0443185499001791,-0.0154476154779203,-0.0453569436781427,-0.0335453356081434,0.0288709344222588,0.0118116080699993,0.0170593263522595,-0.036824,-0.028479,0.008345,0,0,0,0,0,0
"129","Aust-NZ","Other demersal","OROUGHYNZMEC","NIWA-OROUGHYNZMEC-1981-2004-JENSEN",-0.111902852260341,0.00292484828343884,-0.149617690658464,-0.0198698342648771,0.114827700543780,0.129747856393587,-0.0149201558498068,-0.12741,-0.0087617,0.1186483,0,0,0,1,0,0
"130","Aust-NZ","Other demersal","OROUGHYSE","CSIRO-OROUGHYSE-1978-2007-FULTON",-0.00964587213741997,-0.0797259285758564,-0.107265026635416,-0.145044627541427,-0.0700800564384364,-0.0377796009060112,-0.0323004555324252,-0.0587,-0.10018,-0.04148,0,0,0,0,0,0
"131","NEPac","Gadidae","PCODBSAI","AFSC-PCODBSAI-1964-2008-MELNYCHUK",0.0766921105911728,-0.00031835198365858,0.033784595142035,-0.0297646861154198,-0.0770104625748314,-0.0635492812574548,-0.0134611813173766,0.042246,-0.017387,-0.059633,1,1,1,0,0,0
"132","NEPac","Gadidae","PCODGA","AFSC-PCODGA-1964-2008-MELNYCHUK",0.0960128132613502,-0.0209171021977088,0.0683719080806216,-0.03988635085115,-0.116929915459059,-0.108258258931772,-0.00867165652728735,0.062161,-0.019766,-0.081927,1,1,1,0,0,0
"133","NEPac","Other demersal","PERCHEBSAI","AFSC-PERCHEBSAI-1974-2009-STANTON",0.0822093865036836,0.0274813138765223,0.103283855543558,0.0404217773220591,-0.0547280726271613,-0.0628620782214988,0.00813400559433743,0.081589,0.030378,-0.051211,1,1,1,1,1,1
"134","NEPac","Other demersal","PHAKEPCOAST","NWFSC-PHAKEPCOAST-1966-2008-BRANCH",0.0249452126884110,-0.0335604869468115,-0.00181818565173550,-0.090410842898103,-0.0585056996352224,-0.0885926572463674,0.030086957611145,0.00201,-0.062438,-0.064448,1,0,1,0,0,0
"135","NEAtl","Pleuronectiformes","PLAIC7d","WGNSSK-PLAIC7d-1979-2006-MINTO",0.0808984496238648,-0.0456995813012649,0.0414726396523958,-0.0673837767855729,-0.126598030925130,-0.108856416437969,-0.0177416144871610,0.027624,-0.037616,-0.06524,1,1,1,0,0,0
"136","NEAtl","Pleuronectiformes","PLAICCELT","WGSSDS-PLAICCELT-1976-2006-JENNINGS",0.0842936457146799,-0.0674492025798938,0.0516580616795496,-0.0960053386106328,-0.151742848294574,-0.147663400290182,-0.00407944800439133,0.065985,-0.059241,-0.125226,1,1,1,0,0,0
"137","NEAtl","Pleuronectiformes","PLAICECHW","WGSSDS-PLAICECHW-1975-2006-JENNINGS",0.078488186964328,-0.0153375633998250,0.0402747391485697,-0.0535510112155833,-0.093825750364153,-0.093825750364153,-2.77555756156289e-17,0.050525,-0.039179,-0.089704,1,1,1,0,0,0
"138","NEAtl","Pleuronectiformes","PLAICIIIa","WGNSSK-PLAICIIIa-1976-2006-MINTO",-0.0265393929690787,-0.0556848279631907,-0.0114649817893818,-0.0442533994852539,-0.029145434994112,-0.0327884176958721,0.00364298270176007,-0.013681,-0.032048,-0.018367,0,0,0,0,0,0
"139","NEAtl","Pleuronectiformes","PLAICIS","WGNSDS-PLAICIS-1962-2006-MINTO",-0.0198029383477242,0.054509807974501,-0.0266081950863644,0.0330732492477845,0.0743127463222252,0.0596814443341488,0.0146313019880764,-0.025648,0.048187,0.073835,0,0,0,1,1,1
"140","NEAtl","Pleuronectiformes","PLAICNS","WGNSSK-PLAICNS-1956-2006-MINTO",0.00214610773435469,-0.00956260610685057,-0.0033017097868385,-0.0365747013161001,-0.0117087138412053,-0.0332729915292616,0.0215642776880563,-0.00088823,-0.025006,-0.02411777,1,0,0,0,0,0
"141","NWAtl","Gadidae","POLL4VWX5Zc","DFO-POLL4VWX5Zc-1974-2007-PREFONTAINE",-0.0543084478615099,0.00640050068655093,-0.120180388661239,-0.0183014771133473,0.0607089485480609,0.101878911547891,-0.0411699629998304,-0.05606,0.00037357,0.05643357,0,0,0,1,0,1
"142","NEAtl","Gadidae","POLLFAPL","NWWG-POLLFAPL-1958-2006-MINTO",-0.0056220852212778,0.0423238983113269,-0.0147853742982686,0.0068161531379875,0.0479459835326047,0.0216015274362561,0.0263444560963486,-0.011911,0.035452,0.047363,0,0,0,1,1,1
"143","NEAtl","Gadidae","POLLNEAR","AFWG-POLLNEAR-1957-2006-MINTO",-0.0545868305702929,0.113718621126397,-0.0446731621905275,0.154695117096094,0.168305451696690,0.199368279286622,-0.0310628275899315,-0.027508,0.13393,0.161438,0,0,0,1,1,1
"144","NEAtl","Gadidae","POLLNS-VI-IIIa","WGNSSK-POLLNS-VI-IIIa-1964-2006-MINTO",-0.0483443267568872,0.0783574206500662,-0.05170062532159,0.0699666742383094,0.126701747406953,0.121667299559899,0.00503444784705408,-0.031329,0.078113,0.109442,0,0,0,1,1,1
"145","NEPac","Other demersal","POPERCHGA","AFSC-POPERCHGA-1959-2008-MELNYCHUK",-0.0900810482510013,0.0746874384509222,-0.068598370398393,0.139977929963751,0.164768486701924,0.208576300362144,-0.0438078136602208,-0.069773,0.085311,0.155084,0,0,0,1,1,1
"146","NEPac","Other demersal","POPERCHPCOAST","NWFSC-POPERCHPCOAST-1953-2007-BRANCH",-0.0398747713117252,0.0193814348947425,-0.0429108899424483,0.00531706182595184,0.0592562062064677,0.0482279517684001,0.0110282544380676,-0.039839,0.017427,0.057266,0,0,0,1,1,1
"147","NEPac","Pleuronectiformes","PSOLENPCOAST","NWFSC-PSOLENPCOAST-1910-2005-STANTON",-0.0267945380928436,0.112399052011120,-0.0293245747820151,0.0323776058707494,0.139193590103963,0.0617021806527645,0.0774914094511986,-0.029991,0.10498,0.134971,0,0,0,1,1,1
"148","NEPac","Pleuronectiformes","PSOLESPCOAST","NWFSC-PSOLESPCOAST-1874-2005-STANTON",-0.0206118502472666,0.0872438121961764,-0.0220347101491086,-0.00629906306492085,0.107855662443443,0.0157356470841877,0.0921200153592553,-0.022622,0.1089,0.131522,0,0,0,1,0,1
"149","HighSeas","Other demersal","PTOOTHFISHPEI","MARAM-PTOOTHFISHPEI-1960-2008-DEDECKER",-0.000371081367123613,-0.0775164662119251,0.00331801455108753,-0.0655570441502733,-0.0771453848448015,-0.0688750587013608,-0.00827032614344071,-0.00047452,-0.0619,-0.06142548,0,1,0,0,0,0
"150","NEPac","Pleuronectiformes","REXSOLEGA","AFSC-REXSOLEGA-1979-2008-STANTON",0.0146772319960968,0.000617717994457206,0.0142288175467849,0.000469345566376043,-0.0140595140016396,-0.0137594719804088,-0.000300042021230794,0.023478,0.010277,-0.013201,1,1,1,1,1,1
"151","NEPac","Other demersal","REYEROCKBSAI","AFSC-REYEROCKBSAI-1974-2009-STANTON",0.0140372042560204,0.00521025622806113,0.008768110790653,0.00197484795985305,-0.00882694802795931,-0.00679326283079994,-0.00203368519715937,4.3716e-05,0.0021145,0.002070784,1,1,1,1,1,1
"152","NEPac","Other demersal","REYEROCKGA","AFSC-REYEROCKGA-1974-2007-MELNYCHUK",-0.0199261428183971,0.00752388700471206,-0.0208753531643709,0.0067910407817176,0.0274500298231091,0.0276663939460885,-0.000216364122979325,-0.020735,0.0070953,0.0278303,0,0,0,1,1,1
"153","NorthMidAtl","Other demersal","RPORGYSATLC","SEFSC-RPORGYSATLC-1972-2004-JENSEN",-0.09820580485111,0.0593836509118119,-0.117938111817850,0.0181843286735645,0.157589455762922,0.136122440491414,0.0214670152715079,-0.10204,0.055002,0.157042,0,0,0,1,1,1
"154","NorthMidAtl","Other demersal","RSNAPEGM","SEFSC-RSNAPEGM-1872-2003-STANTON",-0.110080425359558,0.0921577045581322,-0.117631906774717,0.0441380278668626,0.20223812991769,0.161769934641580,0.0404681952761102,-0.09992,0.061245,0.161165,0,0,0,1,1,1
"155","NorthMidAtl","Other demersal","RSNAPSATLC","SEFSC-RSNAPSATLC-1945-2006-JENSEN",-0.125633422758529,0.0320833800965988,-0.121458027154291,0.0696967354981085,0.157716802855128,0.191154762652400,-0.0334379597972718,-0.094735,0.0098166,0.1045516,0,0,0,1,1,1
"156","NEPac","Other demersal","SABLEFEBSAIGA","AFSC-SABLEFEBSAIGA-1956-2008-MELNYCHUK",-0.0125527698393104,-0.00847415777759752,-0.0149739532526376,-0.0163232229606710,0.00407861206171293,-0.00134926970803347,0.00542788176974639,-0.0050797,-0.012274,-0.0071943,0,0,0,0,0,0
"157","NEPac","Other demersal","SABLEFPCOAST","NWFSC-SABLEFPCOAST-1900-2007-BRANCH",-0.00548266937821038,-0.0149677294550426,-0.00675869822706706,-0.0542431468176462,-0.00948506007683221,-0.0474844485905792,0.0379993885137470,-0.008913,-0.00986,-0.000947,0,0,0,0,0,0
"158","NEPac","Pelagic","SARDNPAC","NMFS-SARDNPAC-1981-2008-STANTON",0.473645417911315,0.0787240606962571,0.49588826849084,0.086719856656217,-0.394921357215058,-0.409168411834623,0.0142470546195653,0.41546,0.086981,-0.328479,1,1,1,1,1,1
"159","NEPac","Pelagic","SARDPCOAST","SWFSC-SARDPCOAST-1981-2007-PINSKY",0.505336560109004,0.0715301923769066,0.545658593999431,0.0878368972590644,-0.433806367732098,-0.457821696740367,0.0240153290082689,0.46005,0.071439,-0.388611,1,1,1,1,1,1
"160","NEAtl","Pelagic","SARDPVIIIc-IXa","WGMHSA-SARDPVIIIc-IXa-1978-2007-JENNINGS",0.00410556941553535,-0.00438593402145684,-0.00334055615366387,-0.00936826804202397,-0.00849150343699219,-0.0060277118883601,-0.00246379154863209,0.023258,0.007116,-0.016142,1,0,1,0,0,1
"161","NEPac","Other demersal","SBELLYROCKPCOAST","SWFSC-SBELLYROCKPCOAST-1950-2005-BRANCH",-0.0248840594710123,-0.0774242800578761,-0.0181450074534115,-0.0221640535135491,-0.0525402205868638,-0.00401904606013760,-0.0485211745267262,-0.024516,-0.058937,-0.034421,0,0,0,0,0,0
"162","Aust-NZ","Gadidae","SBWHITACIR","NZMFishMIDDEPTHSWG-SBWHITACIR-1979-2006-JENSEN",-0.0507901825859116,0.0202220019297206,-0.0130924805530435,0.0447255082510849,0.0710121845156322,0.0578179888041284,0.0131941957115038,-0.06461,0.051416,0.116026,0,0,0,1,1,1
"163","NorthMidAtl","Pleuronectiformes","SFLOUNMATLC","NEFSC-SFLOUNMATLC-1940-2007-BAUM",-0.137066731086726,0.0927848859987242,-0.0719725577312318,0.114323399241351,0.22985161708545,0.186295956972583,0.0435556601128672,-0.094383,0.09432,0.188703,0,0,0,1,1,1
"164","Aust-NZ","Other demersal","SILVERFISHSE","CSIRO-SILVERFISHSE-1978-2006-FULTON",-0.0284847924888215,-0.0138550884283887,-0.0384491033761573,-0.0214113575179517,0.0146297040604328,0.0170377458582056,-0.00240804179777281,-0.044163,-0.0092636,0.0348994,0,0,0,0,0,0
"165","HighSeas","Pelagic","SKJCWPAC","SPC-SKJCWPAC-1972-2006-JENSEN",0.0269215872215927,0.00989212867463982,0.0184245239065729,-0.00356155490747476,-0.0170294585469528,-0.0219860788140477,0.00495662026709485,0.0097737,0.0065136,-0.0032601,1,1,1,1,0,1
"166","Aust-NZ","Other demersal","SMOOTHOREOCR","NZMFishDEEPWATER-SMOOTHOREOCR-1979-2006-JENSEN",-0.0212789536875156,-0.0206398187986357,-0.0242966438781562,-0.0226013174225521,0.000639134888879905,0.00169532645560411,-0.00105619156672421,-0.022247,-0.020324,0.001923,0,0,0,0,0,0
"167","Aust-NZ","Other demersal","SMOOTHOREOWECR","NZMFishDEEPWATER-SMOOTHOREOWECR-1973-2004-JENSEN",-0.0400789255386009,-0.0217222095694956,-0.0500383870252305,-0.0404372415938216,0.0183567159691053,0.0096011454314089,0.0087555705376964,-0.048125,-0.020346,0.027779,0,0,0,0,0,0
"168","NorthMidAtl","Other demersal","SNOWGROUPSATLC","SEFSC-SNOWGROUPSATLC-1961-2002-STANTON",-0.0779263646723357,-0.0437469984555606,-0.082440226586291,-0.0755492073947911,0.0341793662167751,0.00689101919149994,0.0272883470252752,-0.070672,-0.058931,0.011741,0,0,0,0,0,0
"169","NEAtl","Pleuronectiformes","SOLECS","WGSSDS-SOLECS-1970-2006-JENNINGS",-0.0537917558303348,0.0303895828994125,-0.0554649563119481,0.0274614820565891,0.0841813387297473,0.0829264383685372,0.00125490036121007,-0.047981,0.0052343,0.0532153,0,0,0,1,1,1
"170","NEAtl","Pleuronectiformes","SOLEIS","WGNSDS-SOLEIS-1968-2006-MINTO",-0.0124795327014427,-0.0200667695142468,-0.0193422240907094,-0.0332774504385852,-0.0075872368128041,-0.0139352263478758,0.00634798953507168,-0.031254,-0.039867,-0.008613,0,0,0,0,0,0
"171","NEAtl","Pleuronectiformes","SOLENS","WGNSSK-SOLENS-1956-2006-MINTO",-0.0199220634570321,-0.0558482003820668,-0.0126467689543015,-0.0197748651393609,-0.0359261369250347,-0.0071280961850594,-0.0287980407399753,0.0058365,-0.067382,-0.0732185,0,0,1,0,0,0
"172","NEAtl","Pleuronectiformes","SOLEVIId","WGNSSK-SOLEVIId-1981-2006-MINTO",0.0056723122772047,-0.00898557499745575,0.0206818206136505,-0.00335700937128857,-0.0146578872746604,-0.0240388299849391,0.00938094271027864,0.022323,0.0024511,-0.0198719,1,1,1,0,0,1
"173","NEAtl","Pleuronectiformes","SOLEVIIe","WGSSDS-SOLEVIIe-1968-2006-JENNINGS",0.0081877547789545,-0.0108413491618060,-0.000521820239562621,-0.0292040364925129,-0.0190291039407605,-0.0286822162529503,0.0096531123121898,-0.003445,-0.014941,-0.011496,1,0,0,0,0,0
"174","Aust-NZ","Other demersal","SOUTHHAKECR","NZMFishMIDDEPTHSWG-SOUTHHAKECR-1975-2006-JENSEN",0.0139167877641359,-0.0647512571641984,0.0101985597901019,-0.0689652488681035,-0.0786680449283342,-0.0791638086582054,0.00049576372987116,0.0043681,-0.076818,-0.0811861,1,1,1,0,0,0
"175","Aust-NZ","Other demersal","SOUTHHAKESA","NZMFishMIDDEPTHSWG-SOUTHHAKESA-1975-2007-JENSEN",0.0266672900375153,-0.0357849693400684,0.0129919078267034,-0.0494603515508803,-0.0624522593775837,-0.0624522593775837,-2.08166817117217e-17,0.010254,-0.042061,-0.052315,1,1,1,0,0,0
"176","NorthMidAtl","Pelagic","SPANMACKSATLC","SEFSC-SPANMACKSATLC-1950-2008-JENSEN",-0.0430303978627639,0.0299677686016009,-0.038817592757841,0.0566385420967383,0.0729981664643649,0.0954561348545793,-0.0224579683902144,-0.037264,0.028193,0.065457,0,0,0,1,1,1
"177","NEAtl","Pelagic","SPRAT22-32","WGBFAS-SPRAT22-32-1973-2007-JENNINGS",-0.0229356375378237,-0.0144270866818972,0.0290395747851609,0.0440450271814604,0.0085085508559264,0.0150054523962995,-0.00649690154037309,0.014001,0.0097027,-0.0042983,0,1,1,0,1,1
"178","NEPac","Other demersal","SSTHORNHPCOAST","NWFSC-SSTHORNHPCOAST-1901-2005-STANTON",-0.00247749429735049,-0.00639662994168891,-0.00304695873170496,-0.0286057428815135,-0.00391913564433842,-0.0255587841498085,0.0216396485054701,-0.0040867,-0.0073939,-0.0033072,0,0,0,0,0,0
"179","NEPac","Pleuronectiformes","STFLOUNNPCOAST","SWFSC-STFLOUNNPCOAST-1970-2005-STANTON",0.0278759069411154,-0.0815222149765818,0.0498150097860909,-0.0332561887176359,-0.109398121917697,-0.0830711985037268,-0.0263269234139704,0.044794,-0.10242,-0.147214,1,1,1,0,0,0
"180","NEPac","Pleuronectiformes","STFLOUNSPCOAST","SWFSC-STFLOUNSPCOAST-1970-2005-STANTON",0.0333531744267595,0.0246426432637381,0.0190346735528995,-0.00685805865875389,-0.00871053116302137,-0.0258927322116534,0.0171822010486320,0.0055377,-0.011408,-0.0169457,1,1,1,1,0,0
"181","NWAtl","Other demersal","STRIPEDBASSGOMCHATT","NEFSC-STRIPEDBASSGOMCHATT-1982-2006-SHEPHERD",0.180688745813862,0.0660212595339844,0.242574974277376,0.0892285952078019,-0.114667486279878,-0.153346379069574,0.0386788927896958,0.20596,0.065097,-0.140863,1,1,1,1,1,1
"182","Aust-NZ","Other demersal","SWHITSE","CSIRO-SWHITSE-1945-2007-FULTON",-0.0136492579835693,-0.0446071015185339,-0.0138310585919592,-0.0460521490013981,-0.0309578435349646,-0.0322210904094388,0.00126324687447424,-0.016232,-0.026528,-0.010296,0,0,0,0,0,0
"183","HighSeas","Pelagic","SWORDNATL","ICCAT-SWORDNATL-1978-2007-JENSEN",-0.0622292320577687,0.00358960403255815,-0.0684745251834053,-0.00182298334299361,0.0658188360903268,0.0666515418404117,-0.0008327057500849,-0.047923,0.011475,0.059398,0,0,0,1,0,1
"184","Aust-NZ","Other demersal","TIGERFLATSE","CSIRO-TIGERFLATSE-1913-2006-FULTON",-0.0180292935032436,-0.00383707683090474,-0.013752207367617,0.105977109701310,0.0141922166723389,0.119729317068927,-0.105537100396588,-0.0093944,-0.0086469,0.0007475,0,0,0,0,1,0
"185","NorthMidAtl","Other demersal","TILESATLC","SEFSC-TILESATLC-1961-2002-STANTON",-0.0366738236110025,0.00168546931055381,-0.0401141415288831,-0.0225531342017865,0.0383592929215563,0.0175610073270965,0.0207982855944598,-0.03489,-0.0075389,0.0273511,0,0,0,1,0,0
"186","Aust-NZ","Other demersal","TREVALLYTRE7","NZMFishINSHOREWG-TREVALLYTRE7-1944-2005-JENSEN",-0.0223196622125984,-0.023006367026027,-0.0210688811013671,-0.00956940423108484,-0.000686704813428547,0.0114994768702823,-0.0121861816837108,-0.014368,-0.019302,-0.004934,0,0,0,0,0,0
"187","NorthMidAtl","Other demersal","VSNAPGM","SEFSC-VSNAPGM-1981-2004-JENSEN",0.0152048717456423,-0.0224351165944881,-0.0191867377246860,-0.0432212541864448,-0.0376399883401304,-0.0240345164617588,-0.0136054718783716,-0.007697,-0.036272,-0.028575,1,0,0,0,0,0
"188","NorthMidAtl","Other demersal","VSNAPSATLC","SEFSC-VSNAPSATLC-1946-2008-STANTON",-0.0243218225930823,-0.0208938196741482,-0.0241934666464978,-0.0199169931688915,0.00342800291893410,0.00427647347760629,-0.000848470558672192,-0.023853,-0.019653,0.0042,0,0,0,0,0,0
"189","NWAtl","Other demersal","WEAKFISHATLC","NEFSC-WEAKFISHATLC-1980-2008-STANTON",-0.0597158709493957,-0.148760906423027,-0.0378813923785842,-0.139342111745422,-0.0890450354736313,-0.101460719366838,0.0124156838932065,-0.0611,-0.13733,-0.07623,0,0,0,0,0,0
"190","NWAtl","Gadidae","WHAKEGBGOM","NEFSC-WHAKEGBGOM-1963-2007-SOSEBEE",0.0189317268850522,-0.0265843076518384,0.00182942938270181,-0.0776396957838549,-0.0455160345368906,-0.0794691251665567,0.0339530906296662,0.013142,-0.030645,-0.043787,1,1,1,0,0,0
"191","NEAtl","Gadidae","WHITNS-VIId-IIIa","WGNSSK-WHITNS-VIId-IIIa-1979-2006-MINTO",-0.0464285197380024,-0.0562951143784589,-0.042841682912637,-0.0543223541245079,-0.00986659464045645,-0.0114806712118709,0.00161407657141444,-0.055745,-0.071824,-0.016079,0,0,0,0,0,0
"192","NEAtl","Gadidae","WHITVIIek","WGSSDS-WHITVIIek-1982-2007-JENNINGS",0.0679310915512303,-0.0508982543986283,0.125297022179053,-0.0293860304131947,-0.118829345949859,-0.154683052592248,0.0358537066423893,0.071317,-0.022114,-0.093431,1,1,1,0,0,0
"193","NWAtl","Pleuronectiformes","WINFLOUN5Z","NEFSC-WINFLOUN5Z-1982-2007-HENDRICKSON",-0.102464722737054,0.0299335700413605,-0.0968583957370067,0.0320359426663782,0.132398292778414,0.128894338403385,0.00350395437502954,-0.11031,-0.011635,0.098675,0,0,0,1,1,0
"194","NWAtl","Pleuronectiformes","WINFLOUNSNEMATL","NEFSC-WINFLOUNSNEMATL-1940-2007-TERCEIRO",-0.131102827249972,-0.0081207529135291,-0.135385406601251,-0.00985267838647313,0.122982074336443,0.125532728214778,-0.00255065387833572,-0.1305,-0.0028639,0.1276361,0,0,0,0,0,0
"195","NWAtl","Pleuronectiformes","WITFLOUN5Y","NEFSC-WITFLOUN5Y-1982-2008-WIGLEY",-0.0985427678811485,-0.0125065850058114,-0.0983919855489132,-0.0124566937929394,0.0860361828753372,0.0859352917559738,0.000100891119363372,-0.071618,-0.047991,0.023627,0,0,0,0,0,0
"196","NEPac","Gadidae","WPOLLAI","AFSC-WPOLLAI-1976-2008-MELNYCHUK",0.0238792296171161,-0.0466243496055608,-0.0553920082649825,-0.093772602202103,-0.0705035792226769,-0.0383805939371206,-0.0321229852855563,-0.017141,-0.059648,-0.042507,1,0,0,0,0,0
"197","NEPac","Gadidae","WPOLLEBS","AFSC-WPOLLEBS-1963-2008-MELNYCHUK",0.063598724723344,-0.0307323760337546,0.0626632912759905,-0.033043446903687,-0.0943311007570987,-0.0957067381796775,0.00137563742257879,0.049115,-0.032408,-0.081523,1,1,1,0,0,0
"198","NEPac","Gadidae","WPOLLGA","AFSC-WPOLLGA-1964-2008-MELNYCHUK",-0.0308036716747830,-0.0588955780223831,-0.0414467362175136,-0.066199641924257,-0.0280919063476001,-0.0247529057067434,-0.00333900064085666,-0.042169,-0.039314,0.00285500000000000,0,0,0,0,0,0
"199","NEPac","Other demersal","WROCKPCOAST","NWFSC-WROCKPCOAST-1955-2006-BRANCH",-0.0201592054398631,-0.0198451680317267,-0.0248087647936841,-0.0415818580108398,0.000314037408136437,-0.0167730932171556,0.0170871306252921,-0.02174,-0.014402,0.007338,0,0,0,0,0,0
"200","NWAtl","Pleuronectiformes","YELLGB","NEFSC-YELLGB-1935-2008-BAUM",-0.094719279231319,0.0462033773264015,-0.0742216934720717,0.071976077067808,0.140922656557720,0.146197770539880,-0.00527511398215921,-0.066413,0.050413,0.116826,0,0,0,1,1,1
"201","NWAtl","Pleuronectiformes","YELLSNEMATL","NEFSC-YELLSNEMATL-1935-2008-BAUM",-0.0496808249698448,0.0333635119195595,-0.104594292223431,-0.0356820976419345,0.0830443368894043,0.0689121945814962,0.0141321423079082,-0.10274,0.047554,0.150294,0,0,0,1,0,1
"202","NEPac","Other demersal","YEYEROCKPCOAST","NWFSC-YEYEROCKPCOAST-1923-2006-BRANCH",-0.0137765952715908,-0.0267503695210627,-0.0179737932218505,-0.108805589448640,-0.0129737742494719,-0.0908317962267898,0.0778580219773179,-0.021025,-0.029748,-0.008723,0,0,0,0,0,0
"203","HighSeas","Pelagic","YFINATL","ICCAT-YFINATL-1970-2006-JENSEN",-0.00774751930209279,-0.0382049093400775,-0.00650677440227307,-0.0358164754079245,-0.0304573900379847,-0.0293097010056514,-0.00114768903233321,-0.017842,-0.037026,-0.019184,0,0,0,0,0,0
"204","HighSeas","Pelagic","YFINCWPAC","SPC-YFINCWPAC-1952-2005-JENSEN",-0.0135667663634265,-0.0627814538056477,-0.0125119472788629,-0.054945654891747,-0.0492146874422212,-0.0424337076128841,-0.00678097982933716,-0.0094287,-0.051258,-0.0418293,0,0,0,0,0,0
"205","HighSeas","Pelagic","YFINEPAC","IATTC-YFINEPAC-1975-2007-JENSEN",0.0307418645858961,-0.0165596080406067,0.0388639138212298,-0.00843755880527288,-0.0473014726265028,-0.0473014726265027,-4.16333634234434e-17,-0.0067028,-0.020449,-0.0137462,1,1,0,0,0,0
"206","NEPac","Pleuronectiformes","YSOLEBSAI","AFSC-YSOLEBSAI-1959-2008-MELNYCHUK",0.106451013221533,-0.0180360435775536,0.0989756712043527,-0.0365045356199985,-0.124487056799086,-0.135480206824351,0.0109931500252648,0.078939,-0.016012,-0.094951,1,1,1,0,0,0
"207","NEPac","Other demersal","YTROCKNPCOAST","NWFSC-YTROCKNPCOAST-1967-2005-STANTON",-0.0228581250705949,0.00397903343474076,-0.0223994590413632,0.00528950780397420,0.0268371585053357,0.0276889668453374,-0.000851808340001734,-0.017591,-0.0049365,0.0126545,0,0,0,1,1,0
