"","assessid","geo","taxo","stockid","m.slope.before","m.slope.after","mcont.slope.before","mcont.slope.after","m.diff","mcont.diff","model.diff","mss.slope.before","mss.slope.after","mss.slope.diff","m.pre.positive","mcont.pre.positive","mss.pre.positive","m.post.positive","mcont.post.positive","mss.post.positive","currentyr.x","bratiocurrent","type.x","fromassessment.x","colourcurrent","pchcurrent","currentyr.y","b1992","bratio1992","type.y","fromassessment.y","colour1992","pch1992"
"1","ADFG-HERRPWS-1980-2006-COLLIE","NEPac","Pelagic","HERRPWS",0.0596665288425628,-0.0798885097413938,-0.0234445087382892,-0.125599580410862,-0.139555038583957,-0.102155071672573,-0.0373999669113834,0.041036,-0.15241,-0.193446,1,0,1,0,0,0,NA,NA,NA,NA,"#808080",19,NA,NA,NA,NA,NA,"#808080",1
"2","ADFG-HERRSITKA-1978-2007-COLLIE","NEPac","Pelagic","HERRSITKA",0.0672498340675987,0.0676830358133481,0.0401148969516047,0.049526570537205,0.000433201745749401,0.00941167358560032,-0.00897847183985092,0.071164,0.027257,-0.043907,1,1,1,1,1,1,NA,NA,NA,NA,"#808080",19,NA,NA,NA,NA,NA,"#808080",1
"3","AFSC-ALPLAICBSAI-1972-2008-MELNYCHUK","NEPac","Pleuronectiformes","ALPLAICBSAI",0.0457549703433913,-0.0122739588819445,0.0233168246265613,-0.0322189772969045,-0.0580289292253358,-0.0555358019234658,-0.00249312730187001,0.032385,-0.0060381,-0.0384231,1,1,1,0,0,0,2008,2.46075792730085,"pepper","yes","green",19,2008,129300,2.71036349574633,"pepper","yes","green",1
"4","AFSC-ARFLOUNDBSAI-1970-2008-STANTON","NEPac","Pleuronectiformes","ARFLOUNDBSAI",0.0523703522498462,0.0381299201362477,0.062793274907841,0.0463047614366358,-0.0142404321135984,-0.0164885134712052,0.00224808135760673,0.059161,0.04513,-0.014031,1,1,1,1,1,1,2008,2.69844284736482,"pepper","yes","green",19,2008,292200,1.31074948665298,"pepper","yes","green",1
"5","AFSC-ARFLOUNDGA-1958-2010-STANTON","NEPac","Pleuronectiformes","ARFLOUNDGA",0.0508079817825794,0.0224743916923290,0.052111264613566,0.0256640049365858,-0.0283335900902503,-0.0264472596769802,-0.00188633041327014,0.046687,0.024926,-0.021761,1,1,1,1,1,1,2010,3.02035689353665,"pepper","yes","green",19,2010,428307,1.92842750643814,"pepper","yes","green",1
"6","AFSC-ATKABSAI-1976-2009-STANTON","NEPac","Other demersal","ATKABSAI",0.0189092612989025,-0.00253340359522224,0.0272391328520013,0.00258142981457525,-0.0214426648941247,-0.024657703037426,0.00321503814330128,0.064801,-0.021522,-0.086323,1,1,1,0,1,0,2009,1.54771929824561,"pepper","yes","green",19,2009,85500,2.23146198830409,"pepper","yes","green",1
"7","AFSC-CABEZNCAL-1916-2005-STANTON","NEPac","Other demersal","CABEZNCAL",-0.0102784810263899,0.0283299987009837,-0.0122057467404524,-0.0239814992521428,0.0386084797273736,-0.0117757525116904,0.050384232239064,-0.016192,0.023092,0.039284,0,0,0,1,0,1,2005,1.04439436619718,"pepper","yes","green",19,2005,426,0.773558685446009,"pepper","yes","orange1",2
"8","AFSC-CABEZSCAL-1932-2005-STANTON","NEPac","Other demersal","CABEZSCAL",-0.0334984245521346,0.0178299819476144,-0.0373627060155902,-0.0473107627220646,0.051328406499749,-0.00994805670647442,0.0612764632062235,-0.033988,0.057346,0.091334,0,0,0,1,0,1,2005,0.7376875,"pepper","yes","orange1",17,2005,96,0.35003125,"pepper","yes","red2",22
"9","AFSC-DUSROCKGA-1973-2008-MELNYCHUK","NEPac","Other demersal","DUSROCKGA",0.0461352543207597,0.0382548675636891,0.0484427962473942,0.0400364256688113,-0.00788038675707065,-0.00840637057858292,0.00052598382151227,0.042856,0.036359,-0.006497,1,1,1,1,1,1,2007,1.54129327573980,"pepper","yes","green",19,2007,15511,0.89336599832377,"pepper","yes","orange1",2
"10","AFSC-FLSOLEBSAI-1977-2008-STANTON","NEPac","Pleuronectiformes","FLSOLEBSAI",0.206784242892625,-0.00788676676711339,0.202013603594579,-0.0111607349128307,-0.214671009659738,-0.21317433850741,-0.00149667115232791,0.17792,-3.2502e-05,-0.177952502,1,1,1,0,0,0,2008,1.83295973790844,"pepper","yes","green",19,2008,139188,1.83390091099807,"pepper","yes","green",1
"11","AFSC-GHALBSAI-1960-2009-STANTON","NEPac","Pleuronectiformes","GHALBSAI",0.0319095670308935,-0.0834917253949242,0.0177070974345096,-0.124687192762213,-0.115401292425818,-0.142394290196723,0.0269929977709052,0.01425,-0.073882,-0.088132,1,1,1,0,0,0,2009,1.47651901215210,"pepper","yes","green",19,2009,38265,5.18455507644061,"pepper","yes","green",1
"12","AFSC-NROCKBSAI-1974-2009-STANTON","NEPac","Other demersal","NROCKBSAI",0.0387728640369719,0.0132302724849043,0.0386270622321046,0.013140745060863,-0.0255425915520675,-0.0254863171712416,-5.62743808259734e-05,0.037487,0.012726,-0.024761,1,1,1,1,1,1,2009,1.40980185541024,"pepper","yes","green",19,2009,48399,1.13553999049567,"pepper","yes","green",1
"13","AFSC-NROCKGA-1959-2008-MELNYCHUK","NEPac","Other demersal","NROCKGA",-0.0231682897122320,-0.0219501654238686,-0.0124116921838036,0.0107414545154725,0.00121812428836333,0.0231531466992761,-0.0219350224109127,-0.019697,-0.023933,-0.004236,0,0,0,0,1,0,2008,1.49589743589744,"pepper","yes","green",19,2008,19500,2.19384615384615,"pepper","yes","green",1
"14","AFSC-NRSOLEEBSAI-1971-2008-STANTON","NEPac","Pleuronectiformes","NRSOLEEBSAI",0.108124774482952,0.0296319051221001,0.133137322653498,0.0546444532926464,-0.0784928693608514,-0.0784928693608514,-1.38777878078145e-17,0.11506,0.036469,-0.078591,1,1,1,1,1,1,2007,3.01508769905377,"pepper","yes","green",19,2007,173320,1.74470343872606,"pepper","yes","green",1
"15","AFSC-PCODBSAI-1964-2008-MELNYCHUK","NEPac","Gadidae","PCODBSAI",0.0766921105911728,-0.00031835198365858,0.033784595142035,-0.0297646861154198,-0.0770104625748314,-0.0635492812574548,-0.0134611813173766,0.042246,-0.017387,-0.059633,1,1,1,0,0,0,2008,0.997418230563003,"pepper","yes","orange1",17,2008,373000,1.31733243967828,"pepper","yes","green",1
"16","AFSC-PCODGA-1964-2008-MELNYCHUK","NEPac","Gadidae","PCODGA",0.0960128132613502,-0.0209171021977088,0.0683719080806216,-0.03988635085115,-0.116929915459059,-0.108258258931772,-0.00867165652728735,0.062161,-0.019766,-0.081927,1,1,1,0,0,0,2008,0.911331096196868,"pepper","yes","orange1",17,2008,89400,1.2503355704698,"pepper","yes","green",1
"17","AFSC-PERCHEBSAI-1974-2009-STANTON","NEPac","Other demersal","PERCHEBSAI",0.0822093865036836,0.0274813138765223,0.103283855543558,0.0404217773220591,-0.0547280726271613,-0.0628620782214988,0.00813400559433743,0.081589,0.030378,-0.051211,1,1,1,1,1,1,2009,1.23482025885698,"pepper","yes","green",19,2009,107627,0.736748213738188,"pepper","yes","orange1",2
"18","AFSC-POPERCHGA-1959-2008-MELNYCHUK","NEPac","Other demersal","POPERCHGA",-0.0900810482510013,0.0746874384509222,-0.068598370398393,0.139977929963751,0.164768486701924,0.208576300362144,-0.0438078136602208,-0.069773,0.085311,0.155084,0,0,0,1,1,1,2008,1.16468703952848,"pepper","yes","green",19,2008,78045,0.297443782433212,"pepper","yes","red2",22
"19","AFSC-REXSOLEGA-1979-2008-STANTON","NEPac","Pleuronectiformes","REXSOLEGA",0.0146772319960968,0.000617717994457206,0.0142288175467849,0.000469345566376043,-0.0140595140016396,-0.0137594719804088,-0.000300042021230794,0.023478,0.010277,-0.013201,1,1,1,1,1,1,2007,2.59575144355565,"pepper","yes","green",19,2007,18877,2.22492980876199,"pepper","yes","green",1
"20","AFSC-REYEROCKBSAI-1974-2009-STANTON","NEPac","Other demersal","REYEROCKBSAI",0.0140372042560204,0.00521025622806113,0.008768110790653,0.00197484795985305,-0.00882694802795931,-0.00679326283079994,-0.00203368519715937,4.3716e-05,0.0021145,0.002070784,1,1,1,1,1,1,2009,1.15060343362230,"pepper","yes","green",19,2009,5883,1.10997790243073,"pepper","yes","green",1
"21","AFSC-REYEROCKGA-1974-2007-MELNYCHUK","NEPac","Other demersal","REYEROCKGA",-0.0199261428183971,0.00752388700471206,-0.0208753531643709,0.0067910407817176,0.0274500298231091,0.0276663939460885,-0.000216364122979325,-0.020735,0.0070953,0.0278303,0,0,0,1,1,1,2007,1.63825626869105,"pepper","yes","green",19,2007,8694,1.47285484242006,"pepper","yes","green",1
"22","AFSC-SABLEFEBSAIGA-1956-2008-MELNYCHUK","NEPac","Other demersal","SABLEFEBSAIGA",-0.0125527698393104,-0.00847415777759752,-0.0149739532526376,-0.0163232229606710,0.00407861206171293,-0.00134926970803347,0.00542788176974639,-0.0050797,-0.012274,-0.0071943,0,0,0,0,0,0,2008,1.05231807803038,"pepper","yes","green",19,2008,100730,1.28065124590489,"pepper","yes","green",1
"23","AFSC-WPOLLAI-1976-2008-MELNYCHUK","NEPac","Gadidae","WPOLLAI",0.0238792296171161,-0.0466243496055608,-0.0553920082649825,-0.093772602202103,-0.0705035792226769,-0.0383805939371206,-0.0321229852855563,-0.017141,-0.059648,-0.042507,1,0,0,0,0,0,2008,0.8580520674432,"pepper","yes","orange1",17,2008,98987,2.22837342277269,"pepper","yes","green",1
"24","AFSC-WPOLLEBS-1963-2008-MELNYCHUK","NEPac","Gadidae","WPOLLEBS",0.063598724723344,-0.0307323760337546,0.0626632912759905,-0.033043446903687,-0.0943311007570987,-0.0957067381796775,0.00137563742257879,0.049115,-0.032408,-0.081523,1,1,1,0,0,0,2008,0.660239708181344,"pepper","yes","orange1",17,2008,1919000,1.10891089108911,"pepper","yes","green",1
"25","AFSC-WPOLLGA-1964-2008-MELNYCHUK","NEPac","Gadidae","WPOLLGA",-0.0308036716747830,-0.0588955780223831,-0.0414467362175136,-0.066199641924257,-0.0280919063476001,-0.0247529057067434,-0.00333900064085666,-0.042169,-0.039314,0.00285500000000000,0,0,0,0,0,0,2008,0.774038461538462,"pepper","yes","orange1",17,2008,208000,1.45192307692308,"pepper","yes","green",1
"26","AFSC-YSOLEBSAI-1959-2008-MELNYCHUK","NEPac","Pleuronectiformes","YSOLEBSAI",0.106451013221533,-0.0180360435775536,0.0989756712043527,-0.0365045356199985,-0.124487056799086,-0.135480206824351,0.0109931500252648,0.078939,-0.016012,-0.094951,1,1,1,0,0,0,2008,1.93863525835866,"pepper","yes","green",19,2008,329000,2.50473860182371,"pepper","yes","green",1
"27","AFWG-CAPENOR-1965-2007-MINTO","NEAtl","Pelagic","CAPENOR",0.0571443492410243,0.00885954862872893,0.0584532742088762,0.0301026309011032,-0.0482848006122953,-0.0283506433077731,-0.0199341573045223,NA,NA,NA,1,1,NA,1,1,NA,2006,0.173449863951465,"salt","no","red2",15,1992,5200350,1.03281509898372,"salt","no","green",1
"28","AFWG-CODNEAR-1943-2006-MINTO","NEAtl","Gadidae","CODNEAR",-0.0244424696584882,-0.0202512360052311,-0.0129357599295884,0.0789941354065295,0.00419123365325715,0.091929895336118,-0.0877386616828608,-0.0060456,-0.029091,-0.0230454,0,0,0,0,1,0,2006,0.561596122977197,"salt","no","orange1",17,1992,2604060,0.734287996436334,"salt","no","orange1",2
"29","AFWG-GHALNEAR-1959-2007-JENNINGS","NEAtl","Pleuronectiformes","GHALNEAR",-0.0557786585672129,0.0853808211831258,-0.0680547040119018,0.0467112780323557,0.141159479750339,0.114765982044258,0.0263934977060812,-0.053731,0.056391,0.110122,0,0,0,1,1,1,2006,0.357715924880104,"salt","no","red2",15,1992,312354,0.144182562093010,"salt","no","red2",22
"30","AFWG-HADNEAR-1947-2006-MINTO","NEAtl","Gadidae","HADNEAR",-0.0135033155840254,0.0311106334801021,-0.00783969985587829,0.0717470763295576,0.0446139490641275,0.0795867761854359,-0.0349728271213084,0.0061161,0.04213,0.0360139,0,0,1,1,1,1,2006,1.10006376824797,"salt","no","green",19,1992,439090,0.611113894645745,"salt","no","orange1",2
"31","AFWG-POLLNEAR-1957-2006-MINTO","NEAtl","Gadidae","POLLNEAR",-0.0545868305702929,0.113718621126397,-0.0446731621905275,0.154695117096094,0.168305451696690,0.199368279286622,-0.0310628275899315,-0.027508,0.13393,0.161438,0,0,0,1,1,1,2006,1.69551306950897,"salt","no","green",19,1992,772332,0.715909738299073,"salt","no","orange1",2
"32","ASMFC-ATLCROAKMATLC-1973-2002-STANTON","NWAtl","Other demersal","ATLCROAKMATLC",0.0676842358624593,0.00343798063757224,0.078175066360963,0.030618768747332,-0.064246255224887,-0.0475562976136311,-0.0166899576112560,0.095238,0.009191,-0.086047,1,1,1,1,1,1,2002,1.42256539217596,"pepper","yes","green",19,2002,56467,1.29764287105743,"pepper","yes","green",1
"33","CSIRO-BIGHTREDSE-1958-2007-FULTON","Aust-NZ","Other demersal","BIGHTREDSE",0.00382419916247872,-0.0242181178728242,0.00556380511743252,-0.0170422433086398,-0.0280423170353029,-0.0226060484260724,-0.00543626860923059,0.0046979,-0.023388,-0.0280859,1,1,1,0,0,0,2007,0.945953135344746,"pepper","yes","orange1",17,2007,16240.128,1.34347463271225,"pepper","yes","green",1
"34","CSIRO-DEEPFLATHEADSE-1978-2007-FULTON","Aust-NZ","Other demersal","DEEPFLATHEADSE",-0.0193973913453811,-0.0298955163934927,-0.0261264657621622,-0.034398058834133,-0.0104981250481116,-0.00827159307197083,-0.00222653197614078,-0.020061,-0.021231,-0.00117,0,0,0,0,0,0,2007,1.50638123335621,"pepper","yes","green",19,2007,3286.512,2.07130538394505,"pepper","yes","green",1
"35","CSIRO-GEMFISHSE-1966-2007-FULTON","Aust-NZ","Other demersal","GEMFISHSE",-0.0529072506817591,-0.0471198485627062,-0.072065358473185,-0.0929020914466285,0.00578740211905289,-0.0208367329734434,0.0266241350924963,-0.067759,-0.028779,0.03898,0,0,0,0,0,0,2007,0.248653431825177,"pepper","yes","red2",15,2007,5458.32,0.382887042166821,"pepper","yes","red2",22
"36","CSIRO-MORWONGSE-1913-2007-FULTON","Aust-NZ","Other demersal","MORWONGSE",-0.00784768329300258,-0.0644173357617689,-0.0101799284615452,-0.117252978146178,-0.0565696524687663,-0.107073049684633,0.0505033972158665,-0.014633,-0.050331,-0.035698,0,0,0,0,0,0,2007,0.312739928072090,"pepper","yes","red2",15,2007,11482.608,0.66536539434247,"pepper","yes","orange1",2
"37","CSIRO-NZLINGESE-1968-2007-FULTON","Aust-NZ","Other demersal","NZLINGESE",-0.0149521266094473,-0.0494249190815618,-0.0165383326291528,-0.0526439842391994,-0.0344727924721145,-0.0361056516100466,0.00163285913793212,-0.017316,-0.057601,-0.040285,0,0,0,0,0,0,2007,0.589601982866493,"pepper","yes","orange1",17,2007,3324.48,1.39893156222928,"pepper","yes","green",1
"38","CSIRO-NZLINGWSE-1968-2007-FULTON","Aust-NZ","Other demersal","NZLINGWSE",-0.00426238359437877,-0.0175554763047460,-0.00408504414196997,-0.0171955815336811,-0.0132930927103672,-0.0131105373917111,-0.000182555318656108,-0.0099828,-0.028266,-0.0182832,0,0,0,0,0,0,2007,1.08370140934743,"pepper","yes","green",19,2007,3377.5632,1.65593348482717,"pepper","yes","green",1
"39","CSIRO-OROUGHYSE-1978-2007-FULTON","Aust-NZ","Other demersal","OROUGHYSE",-0.00964587213741997,-0.0797259285758564,-0.107265026635416,-0.145044627541427,-0.0700800564384364,-0.0377796009060112,-0.0323004555324252,-0.0587,-0.10018,-0.04148,0,0,0,0,0,0,2007,0.518699857410366,"pepper","yes","orange1",17,2007,8149.26,2.33108282224398,"pepper","yes","green",1
"40","CSIRO-SILVERFISHSE-1978-2006-FULTON","Aust-NZ","Other demersal","SILVERFISHSE",-0.0284847924888215,-0.0138550884283887,-0.0384491033761573,-0.0214113575179517,0.0146297040604328,0.0170377458582056,-0.00240804179777281,-0.044163,-0.0092636,0.0348994,0,0,0,0,0,0,2006,1.03062657744341,"pepper","yes","green",19,2006,9927.456,1.17334189141710,"pepper","yes","green",1
"41","CSIRO-SWHITSE-1945-2007-FULTON","Aust-NZ","Other demersal","SWHITSE",-0.0136492579835693,-0.0446071015185339,-0.0138310585919592,-0.0460521490013981,-0.0309578435349646,-0.0322210904094388,0.00126324687447424,-0.016232,-0.026528,-0.010296,0,0,0,0,0,0,2007,0.663255272300995,"pepper","yes","orange1",17,2007,3734.3088,0.98739825694115,"pepper","yes","orange1",2
"42","CSIRO-TIGERFLATSE-1913-2006-FULTON","Aust-NZ","Other demersal","TIGERFLATSE",-0.0180292935032436,-0.00383707683090474,-0.013752207367617,0.105977109701310,0.0141922166723389,0.119729317068927,-0.105537100396588,-0.0093944,-0.0086469,0.0007475,0,0,0,0,1,0,2006,1.98751367655862,"pepper","yes","green",19,2006,5472.868,2.24328450823225,"pepper","yes","green",1
"43","DFO-COD5Zjm-1978-2003-PREFONTAINE","NWAtl","Gadidae","COD5Zjm",0.00362761074734494,-0.00324722739431764,-0.0428301244615693,-0.0574479184713843,-0.00687483814166258,-0.0146177940098150,0.00774295586815237,-0.020192,-0.052148,-0.031956,1,0,0,0,0,0,2002,0.339762819768685,"salt","no","red2",15,1992,49101.9,0.610505907103391,"salt","no","orange1",2
"44","DFO-HAD4X5Y-1960-2003-PREFONTAINE","NWAtl","Gadidae","HAD4X5Y",-0.0223497058953499,0.0732747203224925,-0.0294133422576533,0.0523554895572093,0.0956244262178424,0.0817688318148627,0.0138555944029797,-0.016425,0.068422,0.084847,0,0,0,1,1,1,2003,0.85007587790515,"salt","no","orange1",17,1992,90408.4,0.410581317665173,"salt","no","red2",22
"45","DFO-HAD5Zejm-1969-2003-PREFONTAINE","NWAtl","Gadidae","HAD5Zejm",0.00291042681194605,0.167025348789659,-0.0167859110299982,0.103138509379250,0.164114921977713,0.119924420409249,0.0441905015684648,-0.029267,0.15992,0.189187,1,0,0,1,1,1,2002,0.999996762664457,"salt","no","orange1",17,1992,61779.2,0.245292914119963,"salt","no","red2",22
"46","DFO-HERR4VWX-1965-2006-PREFONTAINE","NWAtl","Pelagic","HERR4VWX",0.00454109531950097,-0.0964959965312382,-0.00947857970052636,-0.137503545964818,-0.101037091850739,-0.128024966264292,0.0269878744135526,-0.013923,-0.12904,-0.115117,1,0,0,0,0,0,NA,NA,NA,NA,"#808080",19,NA,NA,NA,NA,NA,"#808080",1
"47","DFO-MAR-COD4VsW-1958-2002-PREFONTAINE","NWAtl","Gadidae","COD4VsW",0.0378794325420881,-0.139909180387991,0.00504087466212786,-0.254844132967852,-0.177788612930079,-0.25988500762998,0.0820963946999006,-0.014809,-0.17339,-0.158581,1,1,0,0,0,0,NA,NA,NA,NA,"#808080",19,NA,NA,NA,NA,NA,"#808080",1
"48","DFO-NFLD-AMPL23K-1960-2004-PREFONTAINE","NWAtl","Pleuronectiformes","AMPL23K",-0.0587594282636086,-0.0478977141830569,-0.165663088661895,-0.154801374581343,0.0108617140805516,0.0108617140805517,-3.81639164714898e-17,-0.1073,-0.14696,-0.03966,0,0,0,0,0,0,NA,NA,NA,NA,"#808080",19,NA,NA,NA,NA,NA,"#808080",1
"49","DFO-NFLD-COD3Ps-1959-2004-PREFONTAINE","NWAtl","Gadidae","COD3Ps",0.0145215398674846,0.119532985916612,-0.0269187588363420,0.0717172566429663,0.105011446049128,0.0986360154793083,0.00637543056981944,0.0036707,0.085307,0.0816363,1,0,1,1,1,1,2004,0.485220543567911,"salt","no","red2",15,1992,202477,0.286901722170913,"salt","no","red2",22
"50","DFO-PAC-HERRCC-1951-2007-COLLIE","NEPac","Pelagic","HERRCC",0.0196740652832445,-0.0598213553578501,0.0220354120090574,-0.0455838236286839,-0.0794954206410946,-0.0676192356377413,-0.0118761850033533,0.012521,-0.05903,-0.071551,1,1,1,0,0,0,2007,0.299670833780449,"salt","no","red2",15,1992,37276,1.25110446399828,"salt","no","green",1
"51","DFO-PAC-HERRPRD-1951-2007-COLLIE","NEPac","Pelagic","HERRPRD",0.00246738602387705,-0.0194578719361764,0.00374068015231128,-0.0117806573382642,-0.0219252579600535,-0.0155213374905755,-0.006403920469478,0.0077121,-0.034851,-0.0425631,1,1,1,0,0,0,2007,0.163490617213574,"salt","no","red2",15,1992,108763,0.390852128021478,"salt","no","red2",22
"52","DFO-PAC-HERRQCI-1951-2007-COLLIE","NEPac","Pelagic","HERRQCI",0.0456601523321047,-0.0467745689286209,0.0357972531976795,-0.106242049003831,-0.0924347212607256,-0.142039302201511,0.0496045809407854,0.0183,-0.036066,-0.054366,1,1,1,0,0,0,2007,0.204224704658958,"salt","no","red2",15,1992,44812.6,0.357243275328814,"salt","no","red2",22
"53","DFO-PAC-HERRSOG-1951-2007-COLLIE","NEPac","Pelagic","HERRSOG",0.0229572056588678,-0.000813461096184073,0.0258213084579152,0.0164553940157195,-0.0237706667550519,-0.00936591444219573,-0.0144047523128561,0.016199,-0.015358,-0.031557,1,1,1,0,1,0,2007,0.911200656406296,"salt","no","orange1",17,1992,82875.5,1.16749763199015,"salt","no","green",1
"54","DFO-PAC-HERRWCVANI-1951-2007-COLLIE","NEPac","Pelagic","HERRWCVANI",0.0286982896125060,-0.156198820757529,0.0266480784212503,-0.168560388234219,-0.184897110370036,-0.195208466655469,0.0103113562854336,0.014028,-0.1783,-0.192328,1,1,1,0,0,0,2007,0.0339331920597717,"salt","no","red2",15,1992,63187.1,0.688704498228278,"salt","no","orange1",2
"55","DFO-POLL4VWX5Zc-1974-2007-PREFONTAINE","NWAtl","Gadidae","POLL4VWX5Zc",-0.0543084478615099,0.00640050068655093,-0.120180388661239,-0.0183014771133473,0.0607089485480609,0.101878911547891,-0.0411699629998304,-0.05606,0.00037357,0.05643357,0,0,0,1,0,1,2006,0.556386050082895,"salt","no","orange1",17,1992,61342.3,0.622995877233165,"salt","no","orange1",2
"56","DFO-QUE-COD3Pn4RS-1964-2007-PREFONTAINE","NWAtl","Gadidae","COD3Pn4RS",-0.0610640062675938,0.0545083196917756,-0.135292140461613,-0.0289983312764957,0.115572325959369,0.106293809185117,0.00927851677425241,-0.10095,0.017577,0.118527,0,0,0,1,0,1,2006,0.0887036425571737,"salt","no","red2",15,1992,602681,0.120108316007971,"salt","no","red2",22
"57","DFO-QUE-HERR4RFA-1973-2003-PREFONTAINE","NWAtl","Pelagic","HERR4RFA",0.00644484231046646,-0.0308368458605342,0.00804407439076613,-0.0273308370691080,-0.0372816881710007,-0.0353749114598741,-0.00190677671112656,-0.010666,-0.026344,-0.015678,1,1,0,0,0,0,NA,NA,NA,NA,"#808080",19,NA,NA,NA,NA,NA,"#808080",1
"58","DFO-QUE-HERR4RSP-1965-2004-PREFONTAINE","NWAtl","Pelagic","HERR4RSP",0.0153083087772665,0.0162329804001427,-0.00358146482427948,-0.0566275749201061,0.00092467162287621,-0.0530461100958266,0.0539707817187028,0.0039204,-0.010111,-0.0140314,1,0,1,1,0,0,NA,NA,NA,NA,"#808080",19,NA,NA,NA,NA,NA,"#808080",1
"59","DFO-SG-COD4TVn-1965-2007-PREFONTAINE","NWAtl","Gadidae","COD4TVn",0.0391614440295123,-0.0285701912534171,0.00216113374341207,-0.0857030233128366,-0.0677316352829294,-0.0878641570562487,0.0201325217733193,-0.025257,-0.033466,-0.008209,1,1,0,0,0,0,2006,0.165484787099320,"salt","no","red2",15,1992,400351,0.308913928028155,"salt","no","red2",22
"60","HAWG-HERRNIRS-1960-2006-JENNINGS","NEAtl","Pelagic","HERRNIRS",0.0228884071988728,-0.0241925279292506,0.0102019663401466,-0.0733524862568147,-0.0470809351281234,-0.0835544525969613,0.0364735174688378,0.029208,0.025224,-0.003984,1,1,1,0,0,1,2006,0.720034098133272,"salt","no","orange1",17,1992,96896.8,0.239842801826273,"salt","no","red2",22
"61","HAWG-HERRNS-1960-2007-MINTO","NEAtl","Pelagic","HERRNS",-0.0233983536482940,0.099886553088964,-0.0181656156139194,0.121515203631046,0.123284906737258,0.139680819244965,-0.0163959125077071,-0.027511,0.038394,0.065905,0,0,0,1,1,1,2006,0.65299664257668,"salt","no","orange1",17,1992,3514600,0.693868150002845,"salt","no","orange1",2
"62","HAWG-HERRVIa-1957-2006-MINTO","NEAtl","Pelagic","HERRVIa",-0.0377322075844285,0.000292344396354137,-0.0375981900389209,0.000918876421601947,0.0380245519807826,0.0385170664605229,-0.000492514479740261,-0.022202,-0.025057,-0.002855,0,0,0,1,1,0,2006,0.179489914662529,"salt","no","red2",15,1992,618720,0.365410848202741,"salt","no","red2",22
"63","IATTC-BIGEYEEPAC-1975-2007-JENSEN","HighSeas","Pelagic","BIGEYEEPAC",-0.00100310225883488,-0.0418603100260117,-0.00855217395910497,-0.0494093817262818,-0.0408572077671768,-0.0408572077671768,-1.38777878078145e-17,-0.0073672,-0.043861,-0.0364938,0,0,0,0,0,0,2007,0.902616279069767,"pepper","yes","orange1",17,2007,688,1.74273255813953,"pepper","yes","green",1
"64","IATTC-YFINEPAC-1975-2007-JENSEN","HighSeas","Pelagic","YFINEPAC",0.0307418645858961,-0.0165596080406067,0.0388639138212298,-0.00843755880527288,-0.0473014726265028,-0.0473014726265027,-4.16333634234434e-17,-0.0067028,-0.020449,-0.0137462,1,1,0,0,0,0,NA,NA,NA,NA,"#808080",19,NA,NA,NA,NA,NA,"#808080",1
"65","ICCAT-ALBANATL-1929-2005-WORM","HighSeas","Pelagic","ALBANATL",-0.0185180452273228,-0.024369076367691,-0.0177060412864374,-0.0097452720608889,-0.00585103114036822,0.00796076922554849,-0.0138118003659167,-0.01562,-0.014434,0.001186,0,0,0,0,0,0,2005,0.812874251497006,"pepper","yes","orange1",17,2005,167000,0.933652694610778,"pepper","yes","orange1",2
"66","ICCAT-ATBTUNAEATL-1969-2007-WORM","Med","Pelagic","ATBTUNAEATL",-0.0221454866137863,-0.0550436054565948,-0.0134899822881632,-0.0403419767858673,-0.0328981188428084,-0.0268519944977040,-0.00604612434510438,-0.017268,-0.062149,-0.044881,0,0,0,0,0,0,2007,0.335605633632410,"pepper","yes","red2",15,2007,495914.5,0.622206791694939,"pepper","yes","orange1",2
"67","ICCAT-ATBTUNAWATL-1969-2007-WORM","HighSeas","Pelagic","ATBTUNAWATL",-0.108529249699824,0.0105788006841743,-0.0960505771797997,0.0317741929792161,0.119108050383999,0.127824770159016,-0.00871671977501719,-0.091783,0.019268,0.111051,0,0,0,1,1,1,2007,0.57387113810404,"pepper","yes","orange1",17,2007,15148,0.429825719566940,"pepper","yes","red2",22
"68","ICCAT-BIGEYEATL-1950-2005-JENSEN","HighSeas","Pelagic","BIGEYEATL",0.00175737958044704,-0.0358453199297629,-0.0150087366260109,-0.057561432349556,-0.0376026995102099,-0.0425526957235451,0.00494999621333518,-0.0049119,-0.027378,-0.0224661,1,0,0,0,0,0,2005,0.900007322544784,"salt","no","orange1",17,1992,450663,1.40637238912447,"salt","no","green",1
"69","ICCAT-SWORDNATL-1978-2007-JENSEN","HighSeas","Pelagic","SWORDNATL",-0.0622292320577687,0.00358960403255815,-0.0684745251834053,-0.00182298334299361,0.0658188360903268,0.0666515418404117,-0.0008327057500849,-0.047923,0.011475,0.059398,0,0,0,1,0,1,2005,1.02696199124137,"salt","no","green",19,1992,45692.1,0.911071060424012,"salt","no","orange1",2
"70","ICCAT-YFINATL-1970-2006-JENSEN","HighSeas","Pelagic","YFINATL",-0.00774751930209279,-0.0382049093400775,-0.00650677440227307,-0.0358164754079245,-0.0304573900379847,-0.0293097010056514,-0.00114768903233321,-0.017842,-0.037026,-0.019184,0,0,0,0,0,0,2006,1.06856875686941,"pepper","yes","green",19,2006,173191.00788815,1.79441764205625,"pepper","yes","green",1
"71","IFOP-CHTRACCH-1975-2007-JENSEN","SEPac","Pelagic","CHTRACCH",0.170283371873499,-0.0394903527908533,0.113512185146161,-0.096261539518191,-0.209773724664352,-0.209773724664352,-2.77555756156289e-17,0.12758,-0.067439,-0.195019,1,1,1,0,0,0,2006,0.51663748726123,"salt","no","orange1",17,1992,19134500,1.12311270218715,"salt","no","green",1
"72","IOTC-BIGEYEIO-1957-2006-JENSEN","HighSeas","Pelagic","BIGEYEIO",-0.00492189152109048,-0.0557750277534999,-0.00617295418792459,-0.0625940066848154,-0.0508531362324094,-0.0564210524968908,0.00556791626448141,-0.011411,-0.051808,-0.040397,0,0,0,0,0,0,2004,1.22857142857143,"pepper","yes","green",19,2004,350000,2.28771428571429,"pepper","yes","green",1
"73","MARAM-CHAKESA-1917-2008-DEDECKER","SAfr","Other demersal","CHAKESA",-0.008493340833051,-0.028002938417902,-0.00675922678277066,0.00344913014110395,-0.0195095975848510,0.0102083569238746,-0.0297179545087256,NA,NA,NA,0,0,NA,0,1,NA,2008,2.29592339449541,"pepper","yes","green",19,2008,218000,3.03889311926605,"pepper","yes","green",1
"74","MARAM-CTRACSA-1950-2007-Johnston","SAfr","Pelagic","CTRACSA",-0.00155033591601801,0.00465958190976262,-0.000283883062953138,0.0126773459280631,0.00620991782578064,0.0129612289910162,-0.00675131116523555,-0.012664,0.009066,0.02173,0,0,0,1,1,1,2007,1.47493502535493,"salt","no","green",19,1992,472492,1.29956062748152,"salt","no","green",1
"75","MARAM-DEEPCHAKESA-1917-2008-DEDECKER","SAfr","Other demersal","DEEPCHAKESA",-0.0388356483147799,-0.0134595175753895,-0.0368690050889302,0.0222099919130616,0.0253761307393904,0.0590789970019918,-0.0337028662626014,-0.026321,0.001325,0.027646,0,0,0,0,1,1,2008,0.826080062305296,"pepper","yes","orange1",17,2008,321000,0.808752336448598,"pepper","yes","orange1",2
"76","MARAM-KINGKLIPSA-1932-2008-DEDECKER","SAfr","Pelagic","KINGKLIPSA",-0.0112667423446534,0.00193777348902627,-0.0119556856545167,-0.00603235499762707,0.0132045158336797,0.00592333065688962,0.00728118517679008,-0.012436,0.0056794,0.0181154,0,0,0,1,0,1,2008,1.20478541928533,"pepper","yes","green",19,2008,66828,1.10013766684623,"pepper","yes","green",1
"77","MARAM-PTOOTHFISHPEI-1960-2008-DEDECKER","HighSeas","Other demersal","PTOOTHFISHPEI",-0.000371081367123613,-0.0775164662119251,0.00331801455108753,-0.0655570441502733,-0.0771453848448015,-0.0688750587013608,-0.00827032614344071,-0.00047452,-0.0619,-0.06142548,0,1,0,0,0,0,2008,1.81206410707996,"pepper","yes","green",19,2008,5678,4.87863684395914,"pepper","yes","green",1
"78","NAFO-SC-AMPL3LNO-1955-2007-BAUM","NWAtl","Pleuronectiformes","AMPL3LNO",-0.0222439548303582,0.064010051849947,-0.058660410481632,-0.0688029040546984,0.0862540066803052,-0.0101424935730664,0.0963965002533716,-0.052376,0.018713,0.071089,0,0,0,1,0,1,2006,0.0783147930887372,"salt","no","red2",15,1992,562560,0.139948592150171,"salt","no","red2",22
"79","NAFO-SC-COD3NO-1953-2007-BAUM","NWAtl","Gadidae","COD3NO",-0.0161366616993266,0.00240248047084552,-0.0445985129348045,-0.108096471384539,0.0185391421701721,-0.0634979584497346,0.0820371006199067,-0.04955,-0.038637,0.010913,0,0,0,1,0,0,2006,0.0222615600541176,"salt","no","red2",15,1992,395435,0.0520919999494228,"salt","no","red2",22
"80","NAFO-SC-GHAL23KLMNO-1960-2006-PREFONTAINE","NWAtl","Pleuronectiformes","GHAL23KLMNO",0.0581662324507535,-0.147240192685500,0.0511919053540615,-0.155144430061751,-0.205406425136254,-0.206336335415813,0.00092991027955891,0.070707,-0.16738,-0.238087,1,1,1,0,0,0,2006,0.393272576806633,"salt","no","red2",15,1992,194547,0.987458043557598,"salt","no","orange1",2
"81","NEFSC-ACADREDGOMGB-1913-2007-MILLER","NWAtl","Other demersal","ACADREDGOMGB",-0.0555878438683585,0.230292459800545,-0.0582407551449092,0.170192315366333,0.285880303668903,0.228433070511242,0.0574472331576616,-0.053465,0.21088,0.264345,0,0,0,1,1,1,2007,8.65715867158672,"pepper","yes","green",19,2007,27100,0.366096678966790,"pepper","yes","red2",22
"82","NEFSC-AMPL5YZ-1960-2008-OBRIEN","NWAtl","Pleuronectiformes","AMPL5YZ",-0.139776187917249,0.00866832773081366,-0.0992797362687743,0.0283210175013969,0.148444515648063,0.127600753770171,0.0208437618778914,-0.080942,0.020164,0.101106,0,0,0,1,1,1,2007,0.703997662185856,"pepper","yes","orange1",17,2007,22243,0.520253113339028,"pepper","yes","orange1",2
"83","NEFSC-BLUEFISHATLC-1981-2007-SHEPHERD","NWAtl","Other demersal","BLUEFISHATLC",-0.141514263469535,0.0302979853670825,-0.151725588187428,0.0269192382177798,0.171812248836618,0.178644826405207,-0.00683257756858985,-0.13138,0.021195,0.152575,0,0,0,1,1,1,2007,0.810087989510766,"salt","no","orange1",17,1992,189909,0.5610423939887,"salt","no","orange1",2
"84","NEFSC-BSBASSMATLC-1968-2007-SHEPHERD","NWAtl","Other demersal","BSBASSMATLC",-0.00448471950882944,0.0504752257980156,-0.0119043115452418,0.0354178184300023,0.054959945306845,0.0473221299752441,0.0076378153316009,0.0051324,0.033116,0.0279836,0,0,1,1,1,1,2007,0.91555874611151,"pepper","yes","orange1",17,2007,12537,0.557124511446120,"pepper","yes","orange1",2
"85","NEFSC-BUTTERGOMCHATT-1965-2005-OVERHOLTZ","NWAtl","Other demersal","BUTTERGOMCHATT",-0.00869105555492437,-0.0148977355226142,-0.0154146930774757,-0.0430147651623743,-0.00620667996768987,-0.0276000720848987,0.0213933921172088,-0.057816,-0.0034137,0.0544023,0,0,0,0,0,0,NA,NA,NA,NA,"#808080",19,NA,NA,NA,NA,NA,"#808080",1
"86","NEFSC-CODGB-1960-2008-BAUM","NWAtl","Gadidae","CODGB",-0.0325569866095108,-0.049016639094428,-0.0753024694755309,-0.0776183960121326,-0.0164596524849172,-0.00231592653660176,-0.0141437259483155,-0.063215,-0.050264,0.012951,0,0,0,0,0,0,2007,0.119337673212501,"pepper","yes","red2",15,2007,148084,0.253639826044677,"pepper","yes","red2",22
"87","NEFSC-CODGOM-1893-2008-BAUM","NWAtl","Gadidae","CODGOM",0.0095442985132456,0.0457539133489863,-0.0627575093593465,0.0218305210382022,0.0362096148357407,0.0845880303975487,-0.048378415561808,-0.054022,0.069255,0.123277,1,0,0,1,1,1,2007,1.45625511266713,"salt","no","green",19,1992,35817.9,0.64772083232127,"salt","no","orange1",2
"88","NEFSC-HAD5Y-1956-2008-BAUM","NWAtl","Gadidae","HAD5Y",-0.265278730963072,0.152207335239793,-0.206887399287957,0.197288878077198,0.417486066202865,0.404176277365155,0.0133097888377099,-0.19238,0.12511,0.31749,0,0,0,1,1,1,2007,0.990847457627119,"pepper","yes","orange1",17,2007,5900,0.151694915254237,"pepper","yes","red2",22
"89","NEFSC-HADGB-1930-2008-BAUM","NWAtl","Gadidae","HADGB",-0.0234300589463048,0.192908448645995,-0.0275169411634548,0.137915842341698,0.216338507592300,0.165432783505153,0.0509057240871467,-0.028556,0.19663,0.225186,0,0,0,1,1,1,2007,1.98885273142699,"pepper","yes","green",19,2007,158873,0.104146078943559,"pepper","yes","red2",22
"90","NEFSC-HERRNWATLC-1960-2005-OVERHOLTZ","NWAtl","Pelagic","HERRNWATLC",-0.0683269760642827,0.0385965278327876,-0.0274105619376916,0.155500568194476,0.106923503897070,0.182911130132168,-0.0759876262350978,-0.028168,0.038718,0.066886,0,0,0,1,1,1,NA,NA,NA,NA,"#808080",19,NA,NA,NA,NA,NA,"#808080",1
"91","NEFSC-MACKGOMCHATT-1960-2005-OVERHOLTZ","NWAtl","Pelagic","MACKGOMCHATT",0.0336464604374722,0.0668098352993662,0.0276213544377445,0.0380085044215468,0.0331633748618940,0.0103871499838023,0.0227762248780916,0.049475,0.050396,0.000921000000000005,1,1,1,1,1,1,2004,3.60722049689441,"pepper","yes","green",19,2004,644000,1.9702950310559,"pepper","yes","green",1
"92","NEFSC-SFLOUNMATLC-1940-2007-BAUM","NorthMidAtl","Pleuronectiformes","SFLOUNMATLC",-0.137066731086726,0.0927848859987242,-0.0719725577312318,0.114323399241351,0.22985161708545,0.186295956972583,0.0435556601128672,-0.094383,0.09432,0.188703,0,0,0,1,1,1,2007,0.72182641408929,"pepper","yes","orange1",17,2007,60074,0.175383693444751,"pepper","yes","red2",22
"93","NEFSC-STRIPEDBASSGOMCHATT-1982-2006-SHEPHERD","NWAtl","Other demersal","STRIPEDBASSGOMCHATT",0.180688745813862,0.0660212595339844,0.242574974277376,0.0892285952078019,-0.114667486279878,-0.153346379069574,0.0386788927896958,0.20596,0.065097,-0.140863,1,1,1,1,1,1,NA,NA,NA,NA,"#808080",19,NA,NA,NA,NA,NA,"#808080",1
"94","NEFSC-WEAKFISHATLC-1980-2008-STANTON","NWAtl","Other demersal","WEAKFISHATLC",-0.0597158709493957,-0.148760906423027,-0.0378813923785842,-0.139342111745422,-0.0890450354736313,-0.101460719366838,0.0124156838932065,-0.0611,-0.13733,-0.07623,0,0,0,0,0,0,2008,0.785931820414579,"pepper","yes","orange1",17,2008,10179,7.07338638373121,"pepper","yes","green",1
"95","NEFSC-WHAKEGBGOM-1963-2007-SOSEBEE","NWAtl","Gadidae","WHAKEGBGOM",0.0189317268850522,-0.0265843076518384,0.00182942938270181,-0.0776396957838549,-0.0455160345368906,-0.0794691251665567,0.0339530906296662,0.013142,-0.030645,-0.043787,1,1,1,0,0,0,2007,0.351865008880995,"pepper","yes","red2",15,2007,56300,0.557193605683837,"pepper","yes","orange1",2
"96","NEFSC-WINFLOUN5Z-1982-2007-HENDRICKSON","NWAtl","Pleuronectiformes","WINFLOUN5Z",-0.102464722737054,0.0299335700413605,-0.0968583957370067,0.0320359426663782,0.132398292778414,0.128894338403385,0.00350395437502954,-0.11031,-0.011635,0.098675,0,0,0,1,1,0,2006,0.2798125,"pepper","yes","red2",15,2006,16000,0.3293125,"pepper","yes","red2",22
"97","NEFSC-WINFLOUNSNEMATL-1940-2007-TERCEIRO","NWAtl","Pleuronectiformes","WINFLOUNSNEMATL",-0.131102827249972,-0.0081207529135291,-0.135385406601251,-0.00985267838647313,0.122982074336443,0.125532728214778,-0.00255065387833572,-0.1305,-0.0028639,0.1276361,0,0,0,0,0,0,2007,0.0868816593999123,"pepper","yes","red2",15,2007,38761,0.0906952864993163,"pepper","yes","red2",22
"98","NEFSC-WITFLOUN5Y-1982-2008-WIGLEY","NWAtl","Pleuronectiformes","WITFLOUN5Y",-0.0985427678811485,-0.0125065850058114,-0.0983919855489132,-0.0124566937929394,0.0860361828753372,0.0859352917559738,0.000100891119363372,-0.071618,-0.047991,0.023627,0,0,0,0,0,0,2007,0.29999126408666,"pepper","yes","red2",15,2007,11447,0.616231326985236,"pepper","yes","orange1",2
"99","NEFSC-YELLGB-1935-2008-BAUM","NWAtl","Pleuronectiformes","YELLGB",-0.094719279231319,0.0462033773264015,-0.0742216934720717,0.071976077067808,0.140922656557720,0.146197770539880,-0.00527511398215921,-0.066413,0.050413,0.116826,0,0,0,1,1,1,2007,0.220509259259259,"pepper","yes","red2",15,2007,43200,0.103518518518519,"pepper","yes","red2",22
"100","NEFSC-YELLSNEMATL-1935-2008-BAUM","NWAtl","Pleuronectiformes","YELLSNEMATL",-0.0496808249698448,0.0333635119195595,-0.104594292223431,-0.0356820976419345,0.0830443368894043,0.0689121945814962,0.0141321423079082,-0.10274,0.047554,0.150294,0,0,0,1,0,1,2007,0.128029197080292,"pepper","yes","red2",15,2007,27400,0.0627372262773723,"pepper","yes","red2",22
"101","NIWA-AUSSALMONNZ-1975-2006-JENSEN","Aust-NZ","Pelagic","AUSSALMONNZ",-0.0541399264063406,-0.00820910862331288,-0.0475476912682725,-0.000737908800169065,0.0459308177830277,0.0468097824681035,-0.000878964685075735,-0.044009,-0.0080194,0.0359896,0,0,0,0,0,0,2006,1.64485345012919,"pepper","yes","green",19,2006,12280.7293248,1.84028158281781,"pepper","yes","green",1
"102","NIWA-OROUGHYNZMEC-1981-2004-JENSEN","Aust-NZ","Other demersal","OROUGHYNZMEC",-0.111902852260341,0.00292484828343884,-0.149617690658464,-0.0198698342648771,0.114827700543780,0.129747856393587,-0.0149201558498068,-0.12741,-0.0087617,0.1186483,0,0,0,1,0,0,2004,1.20446470577493,"pepper","yes","green",19,2004,20213.00407,1.3380099220452,"pepper","yes","green",1
"103","NMFS-SARDNPAC-1981-2008-STANTON","NEPac","Pelagic","SARDNPAC",0.473645417911315,0.0787240606962571,0.49588826849084,0.086719856656217,-0.394921357215058,-0.409168411834623,0.0142470546195653,0.41546,0.086981,-0.328479,1,1,1,1,1,1,2006,1.72909403066324,"salt","no","green",19,1992,549257,0.309938699006112,"salt","no","red2",22
"104","NWFSC-ARFLOUNDPCOAST-1916-2007-BRANCH","NEPac","Pleuronectiformes","ARFLOUNDPCOAST",-0.00950362653078521,0.00273477520247158,-0.00901779238658726,0.0129158583713257,0.0122384017332568,0.0219336507579129,-0.00969524902465615,-0.0059024,0.013643,0.0195454,0,0,0,1,1,1,2007,3.81495208822998,"pepper","yes","green",19,2007,16593,3.10890134394022,"pepper","yes","green",1
"105","NWFSC-BGROCKPCOAST-1950-2005-STANTON","NEPac","Other demersal","BGROCKPCOAST",-0.00931802115251345,-0.00339890211051867,-0.0124040367853369,-0.0287042302996706,0.00591911904199478,-0.0163001935143338,0.0222193125563286,-0.013556,-0.0069978,0.0065582,0,0,0,0,0,0,2005,1.31008160042116,"pepper","yes","green",19,2005,3799,1.43485127665175,"pepper","yes","green",1
"106","NWFSC-BLACKROCKNPCOAST-1914-2006-BRANCH","NEPac","Other demersal","BLACKROCKNPCOAST",-0.00950770871477291,0.0586310973964589,-0.0125616524401663,-0.0158342304410495,0.0681388061112318,-0.0032725780008832,0.071411384112115,-0.01669,0.045798,0.062488,0,0,0,1,0,1,2006,1.37499222461089,"salt","no","green",19,1992,6591.31,0.97658887231825,"salt","no","orange1",2
"107","NWFSC-BLACKROCKSPCOAST-1915-2007-BRANCH","NEPac","Other demersal","BLACKROCKSPCOAST",-0.00776523510620673,0.0527876685035356,-0.0103087262413136,-0.00193479518265997,0.0605529036097423,0.0083739310586536,0.0521789725510887,NA,NA,NA,0,0,NA,1,0,NA,2007,2.23349023951267,"pepper","yes","green",19,2007,1444.6,1.20732382666482,"pepper","yes","green",1
"108","NWFSC-BLUEROCKCAL-1916-2007-BRANCH","NEPac","Other demersal","BLUEROCKCAL",-0.0204303245608756,0.0802000235950371,-0.0250386184595228,-0.0163708411927905,0.100630348155913,0.00866777726673232,0.0919625708891804,-0.026959,0.054411,0.08137,0,0,0,1,0,1,2007,0.74849578820698,"pepper","yes","orange1",17,2007,831,0.330926594464501,"pepper","yes","red2",22
"109","NWFSC-BOCACCSPCOAST-1951-2006-BRANCH","NEPac","Other demersal","BOCACCSPCOAST",-0.0142649345579695,0.0425144228129970,-0.0270379970460139,-0.0447681708553062,0.0567793573709665,-0.0177301738092923,0.0745095311802588,-0.032817,0.042092,0.074909,0,0,0,1,0,1,2006,0.318106465279057,"pepper","yes","red2",15,2006,5.429e+09,0.176459753177381,"pepper","yes","red2",22
"110","NWFSC-CHILISPCOAST-1892-2007-BRANCH","NEPac","Other demersal","CHILISPCOAST",-0.0071522943891204,0.0623968971767452,-0.00903560476212584,-0.00615006125249681,0.0695491915658656,0.00288554350962903,0.0666636480562366,-0.010924,0.049982,0.060906,0,0,0,1,0,1,2006,1.43372742071337,"salt","no","green",19,1992,22913.7,0.887678550386886,"salt","no","orange1",2
"111","NWFSC-COWCODSCAL-1900-2007-BRANCH","NEPac","Other demersal","COWCODSCAL",-0.0256672291292228,0.0447640641701538,-0.031336411573371,-0.129730036647525,0.0704312932993765,-0.098393625074154,0.168824918373531,-0.042981,0.041996,0.084977,0,0,0,1,0,1,2007,0.0939698492462312,"pepper","yes","red2",15,2007,995,0.0500502512562814,"pepper","yes","red2",22
"112","NWFSC-CROCKPCOAST-1916-2007-BRANCH","NEPac","Other demersal","CROCKPCOAST",-0.0186932308982184,0.0662547905277735,-0.0222154713523893,-0.0075568660486026,0.0849480214259919,0.0146586053037867,0.0702894161222052,-0.025071,0.05056,0.075631,0,0,0,1,0,1,2007,0.850734226238502,"pepper","yes","orange1",17,2007,12394,0.398499273842182,"pepper","yes","red2",22
"113","NWFSC-DKROCKPCOAST-1928-2007-BRANCH","NEPac","Other demersal","DKROCKPCOAST",-0.0170853464125139,-0.00619935827684119,-0.0221669869335858,-0.081527206000965,0.0108859881356727,-0.0593602190673792,0.0702462072030519,-0.024263,0.0020653,0.0263283,0,0,0,0,0,1,2007,0.730908703071672,"pepper","yes","orange1",17,2007,937600000,0.708617747440273,"pepper","yes","orange1",2
"114","NWFSC-ESOLEPCOAST-1876-2007-BRANCH","NEPac","Pleuronectiformes","ESOLEPCOAST",-0.0132232324370562,0.133260432551787,-0.0138676529913720,0.101655395071741,0.146483664988843,0.115523048063113,0.0309606169257303,-0.012961,0.10947,0.122431,0,0,0,1,1,1,2007,6.4215445908673,"pepper","yes","green",19,2007,6526,1.24302788844622,"pepper","yes","green",1
"115","NWFSC-KELPGREENLINGORECOAST-1979-2005-STANTON","NEPac","Other demersal","KELPGREENLINGORECOAST",0.0131824202714041,-0.0608879032564638,0.0278531810832439,-0.04998962379624,-0.0740703235278679,-0.0778428048794839,0.00377248135161597,0.025586,-0.064329,-0.089915,1,1,1,0,0,0,2005,1.27539024390244,"pepper","yes","green",19,2005,123,2.94329268292683,"pepper","yes","green",1
"116","NWFSC-LNOSESKAPCOAST-1915-2007-BRANCH","NEPac","Shark/Skate","LNOSESKAPCOAST",-0.00446598678289115,-0.00995853391346126,-0.00438834081870803,-0.00828800383110972,-0.00549254713057011,-0.00389966301240169,-0.00159288411816843,-0.0043343,-0.0058623,-0.001528,0,0,0,0,0,0,2007,1.55786335218945,"salt","no","green",19,1992,45714.6,1.64192183678737,"salt","no","green",1
"117","NWFSC-LSTHORNHPCOAST-1962-2005-STANTON","NEPac","Other demersal","LSTHORNHPCOAST",-0.00187406940647387,-0.0173966591739826,-0.00401387034095942,-0.0250999425381305,-0.0155225897675087,-0.0210860721971711,0.00556348242966243,-0.0041267,-0.017371,-0.0132443,0,0,0,0,0,0,2005,2.65143967496909,"pepper","yes","green",19,2005,28305,3.32319378201731,"pepper","yes","green",1
"118","NWFSC-PHAKEPCOAST-1966-2008-BRANCH","NEPac","Other demersal","PHAKEPCOAST",0.0249452126884110,-0.0335604869468115,-0.00181818565173550,-0.090410842898103,-0.0585056996352224,-0.0885926572463674,0.030086957611145,0.00201,-0.062438,-0.064448,1,0,1,0,0,0,2008,1.61323529411765,"pepper","yes","green",19,2008,680000,4.38088235294118,"pepper","yes","green",1
"119","NWFSC-POPERCHPCOAST-1953-2007-BRANCH","NEPac","Other demersal","POPERCHPCOAST",-0.0398747713117252,0.0193814348947425,-0.0429108899424483,0.00531706182595184,0.0592562062064677,0.0482279517684001,0.0110282544380676,-0.039839,0.017427,0.057266,0,0,0,1,1,1,2007,0.687352126005543,"pepper","yes","orange1",17,2007,14793,0.529236801189752,"pepper","yes","orange1",2
"120","NWFSC-PSOLENPCOAST-1910-2005-STANTON","NEPac","Pleuronectiformes","PSOLENPCOAST",-0.0267945380928436,0.112399052011120,-0.0293245747820151,0.0323776058707494,0.139193590103963,0.0617021806527645,0.0774914094511986,-0.029991,0.10498,0.134971,0,0,0,1,1,1,2005,1.86606471030850,"pepper","yes","green",19,2005,2658,0.476674191121144,"pepper","yes","red2",22
"121","NWFSC-PSOLESPCOAST-1874-2005-STANTON","NEPac","Pleuronectiformes","PSOLESPCOAST",-0.0206118502472666,0.0872438121961764,-0.0220347101491086,-0.00629906306492085,0.107855662443443,0.0157356470841877,0.0921200153592553,-0.022622,0.1089,0.131522,0,0,0,1,0,1,2005,1.13249211356467,"pepper","yes","green",19,2005,4121,0.274933268624120,"pepper","yes","red2",22
"122","NWFSC-SABLEFPCOAST-1900-2007-BRANCH","NEPac","Other demersal","SABLEFPCOAST",-0.00548266937821038,-0.0149677294550426,-0.00675869822706706,-0.0542431468176462,-0.00948506007683221,-0.0474844485905792,0.0379993885137470,-0.008913,-0.00986,-0.000947,0,0,0,0,0,0,2007,0.839465647537872,"salt","no","orange1",17,1992,231832,0.925053487007833,"salt","no","orange1",2
"123","NWFSC-SSTHORNHPCOAST-1901-2005-STANTON","NEPac","Other demersal","SSTHORNHPCOAST",-0.00247749429735049,-0.00639662994168891,-0.00304695873170496,-0.0286057428815135,-0.00391913564433842,-0.0255587841498085,0.0216396485054701,-0.0040867,-0.0073939,-0.0033072,0,0,0,0,0,0,2005,1.57202533583375,"pepper","yes","green",19,2005,52258,1.73062306249761,"pepper","yes","green",1
"124","NWFSC-WROCKPCOAST-1955-2006-BRANCH","NEPac","Other demersal","WROCKPCOAST",-0.0201592054398631,-0.0198451680317267,-0.0248087647936841,-0.0415818580108398,0.000314037408136437,-0.0167730932171556,0.0170871306252921,-0.02174,-0.014402,0.007338,0,0,0,0,0,0,2006,0.91321104683426,"salt","no","orange1",17,1992,131549,0.96051661358125,"salt","no","orange1",2
"125","NWFSC-YEYEROCKPCOAST-1923-2006-BRANCH","NEPac","Other demersal","YEYEROCKPCOAST",-0.0137765952715908,-0.0267503695210627,-0.0179737932218505,-0.108805589448640,-0.0129737742494719,-0.0908317962267898,0.0778580219773179,-0.021025,-0.029748,-0.008723,0,0,0,0,0,0,2006,0.380265006793557,"salt","no","red2",15,1992,3444.44,0.657436332175912,"salt","no","orange1",2
"126","NWFSC-YTROCKNPCOAST-1967-2005-STANTON","NEPac","Other demersal","YTROCKNPCOAST",-0.0228581250705949,0.00397903343474076,-0.0223994590413632,0.00528950780397420,0.0268371585053357,0.0276889668453374,-0.000851808340001734,-0.017591,-0.0049365,0.0126545,0,0,0,1,1,0,2005,1.36341017167728,"pepper","yes","green",19,2005,12407,1.45377367615056,"pepper","yes","green",1
"127","NWWG-CAPEICE-1977-2007-MINTO","NEAtl","Pelagic","CAPEICE",0.00994264351205192,-0.00888896014137695,0.0341017140439837,0.00943166834533794,-0.0188316036534289,-0.0246700456986457,0.00583844204521686,0.036743,0.0080594,-0.0286836,1,1,1,0,1,1,2006,0.485595111868407,"salt","no","red2",15,1992,2423830,0.849069447939831,"salt","no","orange1",2
"128","NWWG-CODFAPL-1959-2006-MINTO","NEAtl","Gadidae","CODFAPL",-0.0075537715735541,-0.0324895552224671,-0.00941232068692626,-0.0396914330367842,-0.024935783648913,-0.030279112349858,0.00534332870094497,-0.024784,-0.010119,0.014665,0,0,0,0,0,0,2006,0.256108194535902,"salt","no","red2",15,1992,99317.4,0.358013802213912,"salt","no","red2",22
"129","NWWG-CODICE-1952-2006-MINTO","NEAtl","Gadidae","CODICE",-0.0432120406066716,0.0230750836715232,-0.041238217794289,0.0340298002802467,0.0662871242781948,0.0752680180745357,-0.00898089379634091,-0.040636,0.01445,0.055086,0,0,0,1,1,1,2006,0.457627118644068,"salt","no","red2",15,1992,1475000,0.370169491525424,"salt","no","red2",22
"130","NWWG-HADFAPL-1955-2006-MINTO","NEAtl","Gadidae","HADFAPL",0.00678511652595462,0.103502364722400,-0.00539964153468958,0.043086272671706,0.0967172481964455,0.0484859142063955,0.04823133399005,-0.018408,0.068544,0.086952,1,0,0,1,1,1,2006,0.848699704364383,"salt","no","orange1",17,1992,95793.6,0.309498755657998,"salt","no","red2",22
"131","NWWG-HADICE-1977-2007-MINTO","NEAtl","Gadidae","HADICE",-0.0387023109083042,0.0674156058573549,-0.053981658860658,0.0586524504140932,0.106117916765659,0.112634109274751,-0.00651619250909208,-0.046726,0.058887,0.105613,0,0,0,1,1,1,2007,0.984568943195487,"salt","no","orange1",17,1992,305099,0.347267608218972,"salt","no","red2",22
"132","NWWG-POLLFAPL-1958-2006-MINTO","NEAtl","Gadidae","POLLFAPL",-0.0056220852212778,0.0423238983113269,-0.0147853742982686,0.0068161531379875,0.0479459835326047,0.0216015274362561,0.0263444560963486,-0.011911,0.035452,0.047363,0,0,0,1,1,1,2006,0.989698907119726,"salt","no","orange1",17,1992,240557,0.518401044243152,"salt","no","orange1",2
"133","NZMFishDEEPWATER-BLACKOREOWECR-1973-2007-JENSEN","Aust-NZ","Other demersal","BLACKOREOWECR",-0.0581098727314541,-0.0155777231757694,-0.0587555357035076,-0.0163895494126897,0.0425321495556847,0.042365986290818,0.000166163264866730,-0.051334,-0.015767,0.035567,0,0,0,0,0,0,2007,0.990502060013855,"pepper","yes","orange1",17,2007,27427,1.25477813833084,"pepper","yes","green",1
"134","NZMFishDEEPWATER-SMOOTHOREOCR-1979-2006-JENSEN","Aust-NZ","Other demersal","SMOOTHOREOCR",-0.0212789536875156,-0.0206398187986357,-0.0242966438781562,-0.0226013174225521,0.000639134888879905,0.00169532645560411,-0.00105619156672421,-0.022247,-0.020324,0.001923,0,0,0,0,0,0,2006,2.24873024600090,"pepper","yes","green",19,2006,50242.75375,2.98886682738802,"pepper","yes","green",1
"135","NZMFishDEEPWATER-SMOOTHOREOWECR-1973-2004-JENSEN","Aust-NZ","Other demersal","SMOOTHOREOWECR",-0.0400789255386009,-0.0217222095694956,-0.0500383870252305,-0.0404372415938216,0.0183567159691053,0.0096011454314089,0.0087555705376964,-0.048125,-0.020346,0.027779,0,0,0,0,0,0,2004,1.24879079044461,"pepper","yes","green",19,2004,21242.3892,1.594119177517,"pepper","yes","green",1
"136","NZMFishHOKIWG-HOKIENZ-1972-2007-FRANCIS","Aust-NZ","Other demersal","HOKIENZ",-0.000291917492657617,-0.0679847066502485,-0.000948711714068997,-0.0689022868125144,-0.0676927891575909,-0.0679535750984454,0.000260785940854519,-0.00021053,-0.052949,-0.05273847,0,0,0,0,0,0,2007,1.11108941524079,"salt","no","green",19,1992,660648,1.64330929632724,"salt","no","green",1
"137","NZMFishHOKIWG-HOKIWNZ-1972-2007-FRANCIS","Aust-NZ","Other demersal","HOKIWNZ",-0.0101644292063457,-0.111732837303616,-0.00890619808544959,-0.109975014414129,-0.101568408097271,-0.101068816328679,-0.000499591768591101,-0.030994,-0.081249,-0.050255,0,0,0,0,0,0,2007,0.505046193319735,"salt","no","orange1",17,1992,1083490,1.05802268595003,"salt","no","green",1
"138","NZMFishINSHOREWG-NZSNAPNZ8-1931-2005-JENSEN","Aust-NZ","Other demersal","NZSNAPNZ8",-0.0443185499001791,-0.0154476154779203,-0.0453569436781427,-0.0335453356081434,0.0288709344222588,0.0118116080699993,0.0170593263522595,-0.036824,-0.028479,0.008345,0,0,0,0,0,0,2005,0.353080364818751,"pepper","yes","red2",15,2005,23536.1148,0.511282346396441,"pepper","yes","orange1",2
"139","NZMFishINSHOREWG-TREVALLYTRE7-1944-2005-JENSEN","Aust-NZ","Other demersal","TREVALLYTRE7",-0.0223196622125984,-0.023006367026027,-0.0210688811013671,-0.00956940423108484,-0.000686704813428547,0.0114994768702823,-0.0121861816837108,-0.014368,-0.019302,-0.004934,0,0,0,0,0,0,2005,1.43747054029498,"pepper","yes","green",19,2005,15634.89433,1.84747011334614,"pepper","yes","green",1
"140","NZMFishMIDDEPTHSWG-GEMFISHNZ-1952-2007-JENSEN","Aust-NZ","Other demersal","GEMFISHNZ",-0.0124211262471184,-0.093649194020392,-0.0107815042837832,-0.082991651258713,-0.0812280677732737,-0.0722101469749299,-0.0090179207983438,-0.0072433,-0.076601,-0.0693577,0,0,0,0,0,0,2006,1.63557064294778,"pepper","yes","green",19,2006,1803.02616666667,4.7798437386331,"pepper","yes","green",1
"141","NZMFishMIDDEPTHSWG-NZLINGLIN3-4-1972-2007-JENSEN","Aust-NZ","Other demersal","NZLINGLIN3-4",0.00743632959334218,-0.0206738511923286,-0.00197906717839695,-0.0338277143293171,-0.0281101807856708,-0.0318486471509202,0.00373846636524936,-0.0082458,-0.019971,-0.0117252,1,0,0,0,0,0,2007,3.06859446986501,"pepper","yes","green",19,2007,30157.781,4.14039083313192,"pepper","yes","green",1
"142","NZMFishMIDDEPTHSWG-NZLINGLIN5-6-1972-2007-JENSEN","Aust-NZ","Other demersal","NZLINGLIN5-6",-0.00143618082966062,-0.0149002769833588,-0.00437913200987205,-0.0190117528968895,-0.0134640961536982,-0.0146326208870174,0.00116852473331925,-0.0021384,-0.017294,-0.0151556,0,0,0,0,0,0,2007,3.95890277162857,"pepper","yes","green",19,2007,48407.352,5.13138995911200,"pepper","yes","green",1
"143","NZMFishMIDDEPTHSWG-NZLINGLIN6b-1980-2006-JENSEN","Aust-NZ","Other demersal","NZLINGLIN6b",0.00139186890993777,-0.032352532264513,-0.00496372369918935,-0.0358481081995329,-0.0337444011744508,-0.0308843845003436,-0.00286001667410721,-0.007437,-0.039026,-0.031589,1,0,0,0,0,0,2006,2.18689536250862,"pepper","yes","green",19,2006,3014.0994,3.77668367539571,"pepper","yes","green",1
"144","NZMFishMIDDEPTHSWG-NZLINGLIN72-1972-2007-JENSEN","Aust-NZ","Other demersal","NZLINGLIN72",-0.0155642274737115,-0.00078915094429647,-0.0231077206624773,-0.0113278546638957,0.0147750765294150,0.0117798659985816,0.00299521053083347,-0.021963,-0.01359,0.008373,0,0,0,0,0,0,2007,2.48647635812674,"pepper","yes","green",19,2007,1700.080512,3.04870855433934,"pepper","yes","green",1
"145","NZMFishMIDDEPTHSWG-NZLINGLIN7WC-1972-2008-JENSEN","Aust-NZ","Other demersal","NZLINGLIN7WC",-0.0119542149569520,-0.00238210317752255,-0.0184369700316667,-0.0104325833356650,0.00957211177942944,0.0080043866960017,0.00156772508342774,-0.01805,0.0044556,0.0225056,0,0,0,0,0,1,2008,2.21385731123217,"pepper","yes","green",19,2008,28029.9456,2.06152736878662,"pepper","yes","green",1
"146","NZMFishMIDDEPTHSWG-SBWHITACIR-1979-2006-JENSEN","Aust-NZ","Gadidae","SBWHITACIR",-0.0507901825859116,0.0202220019297206,-0.0130924805530435,0.0447255082510849,0.0710121845156322,0.0578179888041284,0.0131941957115038,-0.06461,0.051416,0.116026,0,0,0,1,1,1,2006,1.15430662009736,"pepper","yes","green",19,2006,52105.0464,0.561960923616028,"pepper","yes","orange1",2
"147","NZMFishMIDDEPTHSWG-SOUTHHAKECR-1975-2006-JENSEN","Aust-NZ","Other demersal","SOUTHHAKECR",0.0139167877641359,-0.0647512571641984,0.0101985597901019,-0.0689652488681035,-0.0786680449283342,-0.0791638086582054,0.00049576372987116,0.0043681,-0.076818,-0.0811861,1,1,1,0,0,0,2006,1.76839557949905,"pepper","yes","green",19,2006,7786.9455,5.1837398887664,"pepper","yes","green",1
"148","NZMFishMIDDEPTHSWG-SOUTHHAKESA-1975-2007-JENSEN","Aust-NZ","Other demersal","SOUTHHAKESA",0.0266672900375153,-0.0357849693400684,0.0129919078267034,-0.0494603515508803,-0.0624522593775837,-0.0624522593775837,-2.08166817117217e-17,0.010254,-0.042061,-0.052315,1,1,1,0,0,0,2007,2.91089194789382,"pepper","yes","green",19,2007,14153.0846,5.47055304113705,"pepper","yes","green",1
"149","PFMC-LINGCODNPCOAST-1956-2005-STANTON","NEPac","Other demersal","LINGCODNPCOAST",-0.0425027703574020,0.157488149659821,-0.0586664211983277,0.0605062446142671,0.199990920017223,0.119172665812595,0.0808182542046283,-0.058908,0.13952,0.198428,0,0,0,1,1,1,NA,NA,NA,NA,"#808080",19,NA,NA,NA,NA,NA,"#808080",1
"150","PFMC-LINGCODSPCOAST-1956-2005-STANTON","NEPac","Other demersal","LINGCODSPCOAST",-0.0510560890101531,0.0525385972873581,-0.0624082150326612,-0.0155741588476901,0.103594686297511,0.0468340561849711,0.0567606301125402,-0.059069,0.040434,0.099503,0,0,0,1,0,1,NA,NA,NA,NA,"#808080",19,NA,NA,NA,NA,NA,"#808080",1
"151","SEFSC-GAGGM-1963-2004-JENSEN","NorthMidAtl","Other demersal","GAGGM",-0.0493614448662632,0.0824873397700717,-0.0480552819812577,0.0883148357185575,0.131848784636335,0.136370117699815,-0.00452133306348032,-0.051823,0.068727,0.12055,0,0,0,1,1,1,2004,0.996813388613154,"pepper","yes","orange1",17,2004,12383.06,0.436959846758394,"pepper","yes","red2",22
"152","SEFSC-GAGSATLC-1962-2005-JENSEN","NorthMidAtl","Other demersal","GAGSATLC",-0.0454826674637344,0.0239299932826577,-0.0428801420351326,0.0347118843440079,0.0694126607463921,0.0775920263791406,-0.00817936563274849,-0.038242,0.034933,0.073175,0,0,0,1,1,1,2005,0.94233576020986,"pepper","yes","orange1",17,2005,3594.7166,0.598380968335585,"pepper","yes","orange1",2
"153","SEFSC-GRAMBERSATLC-1946-2006-JENSEN","NorthMidAtl","Other demersal","GRAMBERSATLC",-0.0153239766160431,0.00667509512602865,-0.0192907405469616,-0.0275382437781431,0.0219990717420718,-0.00824750323118148,0.0302465749732533,-0.021436,-0.0086321,0.0128039,0,0,0,1,0,0,2006,1.09593298969072,"pepper","yes","green",19,2006,1940,1.23671134020619,"pepper","yes","green",1
"154","SEFSC-GTRIGGM-1981-2004-JENSEN","NorthMidAtl","Other demersal","GTRIGGM",0.0183731411926146,-0.0410530998566625,0.00333595240972278,-0.0501415106595091,-0.059426241049277,-0.0534774630692319,-0.00594877798004509,0.014132,-0.053974,-0.068106,1,1,1,0,0,0,2004,1.11570247933884,"pepper","yes","green",19,2004,1.21e+09,2.13223140495868,"pepper","yes","green",1
"155","SEFSC-MENATGM-1964-2004-GILROY","NorthMidAtl","Pelagic","MENATGM",0.0429638293001751,0.0159558974478334,0.0445042925644467,0.0223547448532694,-0.0270079318523417,-0.0221495477111773,-0.00485838414116437,0.044911,-0.0081267,-0.0530377,1,1,1,1,1,0,2004,1.08038185063287,"salt","no","green",19,1992,2442840,1.26033632984559,"salt","no","green",1
"156","SEFSC-MUTSNAPSATLCGM-1981-2006-JENSEN","NorthMidAtl","Other demersal","MUTSNAPSATLCGM",-0.0523483072174005,0.0635140396973306,-0.0669159502041204,0.0568372033284173,0.115862346914731,0.123753153532538,-0.00789080661780658,-0.046218,0.055458,0.101676,0,0,0,1,1,1,2006,1.13498570520966,"pepper","yes","green",19,2006,6296,0.522155336721728,"pepper","yes","orange1",2
"157","SEFSC-RPORGYSATLC-1972-2004-JENSEN","NorthMidAtl","Other demersal","RPORGYSATLC",-0.09820580485111,0.0593836509118119,-0.117938111817850,0.0181843286735645,0.157589455762922,0.136122440491414,0.0214670152715079,-0.10204,0.055002,0.157042,0,0,0,1,1,1,2004,0.610676077403724,"pepper","yes","orange1",17,2004,3236.02,0.315622276747362,"pepper","yes","red2",22
"158","SEFSC-RSNAPEGM-1872-2003-STANTON","NorthMidAtl","Other demersal","RSNAPEGM",-0.110080425359558,0.0921577045581322,-0.117631906774717,0.0441380278668626,0.20223812991769,0.161769934641580,0.0404681952761102,-0.09992,0.061245,0.161165,0,0,0,1,1,1,NA,NA,NA,NA,"#808080",19,NA,NA,NA,NA,NA,"#808080",1
"159","SEFSC-RSNAPSATLC-1945-2006-JENSEN","NorthMidAtl","Other demersal","RSNAPSATLC",-0.125633422758529,0.0320833800965988,-0.121458027154291,0.0696967354981085,0.157716802855128,0.191154762652400,-0.0334379597972718,-0.094735,0.0098166,0.1045516,0,0,0,1,1,1,2006,0.0245397972116603,"pepper","yes","red2",15,2006,7890,0.0213887198986058,"pepper","yes","red2",22
"160","SEFSC-SNOWGROUPSATLC-1961-2002-STANTON","NorthMidAtl","Other demersal","SNOWGROUPSATLC",-0.0779263646723357,-0.0437469984555606,-0.082440226586291,-0.0755492073947911,0.0341793662167751,0.00689101919149994,0.0272883470252752,-0.070672,-0.058931,0.011741,0,0,0,0,0,0,2002,0.186389413988658,"pepper","yes","red2",15,2002,2481,0.41285771866183,"pepper","yes","red2",22
"161","SEFSC-SPANMACKSATLC-1950-2008-JENSEN","NorthMidAtl","Pelagic","SPANMACKSATLC",-0.0430303978627639,0.0299677686016009,-0.038817592757841,0.0566385420967383,0.0729981664643649,0.0954561348545793,-0.0224579683902144,-0.037264,0.028193,0.065457,0,0,0,1,1,1,2007,0.377453916284022,"pepper","yes","red2",15,2007,15027,0.247288214547148,"pepper","yes","red2",22
"162","SEFSC-TILESATLC-1961-2002-STANTON","NorthMidAtl","Other demersal","TILESATLC",-0.0366738236110025,0.00168546931055381,-0.0401141415288831,-0.0225531342017865,0.0383592929215563,0.0175610073270965,0.0207982855944598,-0.03489,-0.0075389,0.0273511,0,0,0,1,0,0,2002,0.899249444742284,"pepper","yes","orange1",17,2002,2611.4,1.08340353833193,"pepper","yes","green",1
"163","SEFSC-VSNAPGM-1981-2004-JENSEN","NorthMidAtl","Other demersal","VSNAPGM",0.0152048717456423,-0.0224351165944881,-0.0191867377246860,-0.0432212541864448,-0.0376399883401304,-0.0240345164617588,-0.0136054718783716,-0.007697,-0.036272,-0.028575,1,0,0,0,0,0,NA,NA,NA,NA,"#808080",19,NA,NA,NA,NA,NA,"#808080",1
"164","SEFSC-VSNAPSATLC-1946-2008-STANTON","NorthMidAtl","Other demersal","VSNAPSATLC",-0.0243218225930823,-0.0208938196741482,-0.0241934666464978,-0.0199169931688915,0.00342800291893410,0.00427647347760629,-0.000848470558672192,-0.023853,-0.019653,0.0042,0,0,0,0,0,0,2007,0.860262008733624,"pepper","yes","orange1",17,2007,9.16e+09,1.12008733624454,"pepper","yes","green",1
"165","SPC-ALBASPAC-1959-2006-JENSEN","HighSeas","Pelagic","ALBASPAC",-0.0372963870894205,-0.0294921409082444,-0.0307446320669123,-0.000664418809208322,0.00780424618117614,0.030080213257704,-0.0222759670765279,-0.033707,-0.034901,-0.001194,0,0,0,0,0,0,2006,2.45737623762376,"pepper","yes","green",19,2006,40400,4.00569306930693,"pepper","yes","green",1
"166","SPC-BIGEYEWPO-1952-2006-JENSEN","HighSeas","Pelagic","BIGEYEWPO",-0.0352370594783367,-0.0383847736467365,-0.0325865579094681,-0.0211565134490909,-0.00314771416839983,0.0114300444603773,-0.0145777586287771,-0.028701,-0.040724,-0.012023,0,0,0,0,0,0,2006,1.05675146771037,"pepper","yes","green",19,2006,102200,1.86888454011742,"pepper","yes","green",1
"167","SPC-SKJCWPAC-1972-2006-JENSEN","HighSeas","Pelagic","SKJCWPAC",0.0269215872215927,0.00989212867463982,0.0184245239065729,-0.00356155490747476,-0.0170294585469528,-0.0219860788140477,0.00495662026709485,0.0097737,0.0065136,-0.0032601,1,1,1,1,0,1,2006,4.37768396331917,"pepper","yes","green",19,2006,894200,3.99611384477745,"pepper","yes","green",1
"168","SPC-YFINCWPAC-1952-2005-JENSEN","HighSeas","Pelagic","YFINCWPAC",-0.0135667663634265,-0.0627814538056477,-0.0125119472788629,-0.054945654891747,-0.0492146874422212,-0.0424337076128841,-0.00678097982933716,-0.0094287,-0.051258,-0.0418293,0,0,0,0,0,0,2005,1.22388937922918,"pepper","yes","green",19,2005,679800,2.38305383936452,"pepper","yes","green",1
"169","SWFSC-CMACKPCOAST-1929-2008-PINSKY","NEPac","Pelagic","CMACKPCOAST",-0.00876280737777097,-0.0786329138588282,-0.00705393794952748,-0.0568196982159554,-0.0698701064810573,-0.0497657602664279,-0.0201043462146294,-0.033211,-0.026522,0.006689,0,0,0,0,0,0,2008,0.679840957199016,"pepper","yes","orange1",17,2008,122357,1.03920494945120,"pepper","yes","green",1
"170","SWFSC-DSOLEPCOAST-1910-2005-STANTON","NEPac","Pleuronectiformes","DSOLEPCOAST",-0.0102760960766306,0.0356611688952282,-0.0111692175929335,0.0074130112224481,0.0459372649718588,0.0185822288153816,0.0273550361564772,-0.010794,0.031954,0.042748,0,0,0,1,1,1,2005,1.61140338162192,"pepper","yes","green",19,2005,117281,1.06364202215193,"pepper","yes","green",1
"171","SWFSC-GOPHERSPCOAST-1965-2005-STANTON","NEPac","Other demersal","GOPHERSPCOAST",-0.0193976764715483,0.0388272894010739,-0.0109943337024948,0.0669184638004812,0.0582249658726222,0.077912797502976,-0.0196878316303538,-0.0083878,0.018564,0.0269518,0,0,0,1,1,1,2005,2.38333333333333,"pepper","yes","green",19,2005,798,1.87230576441103,"pepper","yes","green",1
"172","SWFSC-SARDPCOAST-1981-2007-PINSKY","NEPac","Pelagic","SARDPCOAST",0.505336560109004,0.0715301923769066,0.545658593999431,0.0878368972590644,-0.433806367732098,-0.457821696740367,0.0240153290082689,0.46005,0.071439,-0.388611,1,1,1,1,1,1,2006,1.36251955262361,"salt","no","green",19,NA,NA,NA,NA,NA,"#808080",1
"173","SWFSC-SBELLYROCKPCOAST-1950-2005-BRANCH","NEPac","Other demersal","SBELLYROCKPCOAST",-0.0248840594710123,-0.0774242800578761,-0.0181450074534115,-0.0221640535135491,-0.0525402205868638,-0.00401904606013760,-0.0485211745267262,-0.024516,-0.058937,-0.034421,0,0,0,0,0,0,NA,NA,NA,NA,"#808080",19,NA,NA,NA,NA,NA,"#808080",1
"174","SWFSC-STFLOUNNPCOAST-1970-2005-STANTON","NEPac","Pleuronectiformes","STFLOUNNPCOAST",0.0278759069411154,-0.0815222149765818,0.0498150097860909,-0.0332561887176359,-0.109398121917697,-0.0830711985037268,-0.0263269234139704,0.044794,-0.10242,-0.147214,1,1,1,0,0,0,2005,1.09896373056995,"pepper","yes","green",19,2005,1930,4.16113989637306,"pepper","yes","green",1
"175","SWFSC-STFLOUNSPCOAST-1970-2005-STANTON","NEPac","Pleuronectiformes","STFLOUNSPCOAST",0.0333531744267595,0.0246426432637381,0.0190346735528995,-0.00685805865875389,-0.00871053116302137,-0.0258927322116534,0.0171822010486320,0.0055377,-0.011408,-0.0169457,1,1,1,1,0,0,2005,1.54710920770878,"pepper","yes","green",19,2005,934,1.79443254817987,"pepper","yes","green",1
"176","WGBFAS-CODBA2224-1969-2007-JENNINGS","NEAtl","Gadidae","CODBA2224",-0.0365483726512624,-0.00140891870713401,-0.0362397823855979,-0.000884769064718537,0.0351394539441284,0.0353550133208793,-0.000215559376750961,-0.070612,0.053503,0.124115,0,0,0,0,0,1,2006,0.364263763737695,"salt","no","red2",15,1992,115194,0.366677083875896,"salt","no","red2",22
"177","WGBFAS-CODBA2532-1964-2007-JENNINGS","NEAtl","Gadidae","CODBA2532",0.0221278690472765,-0.0546391629903492,-0.000486077418183916,-0.115885268000971,-0.0767670320376258,-0.115399190582787,0.0386321585451616,-0.036212,-0.0092971,0.0269149,1,0,0,0,0,0,2006,0.164751222372490,"salt","no","red2",15,1992,1057370,0.126150732477751,"salt","no","red2",22
"178","WGBFAS-CODKAT-1970-2006-MINTO","NEAtl","Gadidae","CODKAT",-0.0973125352967403,-0.0764821410167122,-0.0752312281076025,-0.037839853435721,0.0208303942800281,0.0373913746718815,-0.0165609803918534,-0.078121,-0.032862,0.045259,0,0,0,0,0,0,2006,0.187796520822351,"salt","no","red2",15,1992,42492.8,0.262279727389111,"salt","no","red2",22
"179","WGBFAS-HERR2532-1973-2006-JENNINGS","NEAtl","Pelagic","HERR2532",-0.0393059550637557,-0.0139913960180643,-0.0499214229269897,-0.0275261175436877,0.0253145590456914,0.0223953053833020,0.00291925366238938,-0.037208,0.0032429,0.0404509,0,0,0,0,0,1,2006,0.68661268018773,"salt","no","orange1",17,1992,1909120,0.693142390211197,"salt","no","orange1",2
"180","WGBFAS-HERR30-1972-2007-JENNINGS","NEAtl","Pelagic","HERR30",0.046852902079332,-0.0143862625814818,0.0589134666108093,0.00280004187587323,-0.0612391646608138,-0.056113424734936,-0.0051257399258778,0.053952,-0.014242,-0.068194,1,1,1,0,1,0,2006,1.19312880558138,"salt","no","green",19,1992,358191,1.46840652054351,"salt","no","green",1
"181","WGBFAS-HERR31-1979-2006-JENNINGS","NEAtl","Pelagic","HERR31",-0.00101856117879799,-0.0361974283052898,-0.0496518030624628,-0.0629457113413054,-0.0351788671264918,-0.0132939082788427,-0.0218849588476491,-0.0097309,-0.061518,-0.0517871,0,0,0,0,0,0,2006,0.285818848535577,"salt","no","red2",15,1992,55195.8,0.653926566876465,"salt","no","orange1",2
"182","WGBFAS-HERRRIGA-1976-2007-JENNINGS","NEAtl","Pelagic","HERRRIGA",0.0390261206466837,-0.0211688964296838,0.058694971747561,-0.00598338638856528,-0.0601950170763675,-0.0646783581361263,0.00448334105975879,0.053605,-0.010788,-0.064393,1,1,1,0,0,0,2006,1.20823578488545,"salt","no","green",19,1992,117463,1.36670270638414,"salt","no","green",1
"183","WGBFAS-SPRAT22-32-1973-2007-JENNINGS","NEAtl","Pelagic","SPRAT22-32",-0.0229356375378237,-0.0144270866818972,0.0290395747851609,0.0440450271814604,0.0085085508559264,0.0150054523962995,-0.00649690154037309,0.014001,0.0097027,-0.0042983,0,1,1,0,1,1,2006,1.12908033984200,"salt","no","green",19,1992,1610160,1.15330153525116,"salt","no","green",1
"184","WGHMM-HAKENRTN-1977-2007-JENNINGS","NEAtl","Other demersal","HAKENRTN",-0.0589361581557785,0.0268272960693818,-0.0859594049131596,0.0113286692526485,0.0857634542251602,0.097288074165808,-0.0115246199406479,-0.067938,0.029186,0.097124,0,0,0,1,1,1,2006,1.04378261094178,"salt","no","green",19,1992,232284,0.705433865440581,"salt","no","orange1",2
"185","WGHMM-HAKESOTH-1982-2007-JENNINGS","NEAtl","Other demersal","HAKESOTH",-0.106690650915628,-0.0226913349791158,-0.115466548240382,-0.0255951245351004,0.0839993159365124,0.0898714237052812,-0.0058721077687688,-0.094902,-0.024992,0.06991,0,0,0,0,0,0,NA,NA,NA,NA,"#808080",19,NA,NA,NA,NA,NA,"#808080",1
"186","WGMHSA-MACKNEICES-1972-2007-JENNINGS","NEAtl","Pelagic","MACKNEICES",-0.0285853653459686,-0.0158015508099470,-0.0217013433292637,-0.00490184928349754,0.0127838145360216,0.0167994940457661,-0.00401567950974453,-0.024146,-0.0088193,0.0153267,0,0,0,0,0,0,2006,0.9761153054221,"salt","no","orange1",17,1992,2986850,1.15965046788423,"salt","no","green",1
"187","WGMHSA-SARDPVIIIc-IXa-1978-2007-JENNINGS","NEAtl","Pelagic","SARDPVIIIc-IXa",0.00410556941553535,-0.00438593402145684,-0.00334055615366387,-0.00936826804202397,-0.00849150343699219,-0.0060277118883601,-0.00246379154863209,0.023258,0.007116,-0.016142,1,0,1,0,0,1,NA,NA,NA,NA,"#808080",19,NA,NA,NA,NA,NA,"#808080",1
"188","WGNPBW-BWHITNEA-1980-2007-JENNINGS","NEAtl","Gadidae","BWHITNEA",-0.0363147852459581,0.0768474741560496,-0.0140820176637019,0.0858386669282855,0.113162259402008,0.0999206845919875,0.0132415748100203,0.007276,0.035135,0.027859,0,0,1,1,1,1,2006,0.66661044169074,"salt","no","orange1",17,1992,10523200,0.337381689980234,"salt","no","red2",22
"189","WGNSDS-CODIS-1968-2006-MINTO","NEAtl","Gadidae","CODIS",-0.0114473322419143,-0.0595269057047646,-0.0249248325297017,-0.0905251563666756,-0.0480795734628503,-0.065600323836974,0.0175207503741236,-0.023072,-0.073673,-0.050601,0,0,0,0,0,0,2006,0.151011346653752,"salt","no","red2",15,1992,30044.1,0.516507400787509,"salt","no","orange1",2
"190","WGNSDS-CODVIa-1977-2006-MINTO","NEAtl","Gadidae","CODVIa",-0.0540724949368538,-0.102838008465390,-0.0464241507289179,-0.097038014107705,-0.048765513528536,-0.0506138633787871,0.00184834985025115,-0.063173,-0.090972,-0.027799,0,0,0,0,0,0,2006,0.119145274581060,"salt","no","red2",15,1992,57758.9,0.347186321069134,"salt","no","red2",22
"191","WGNSDS-HADVIa-1977-2006-MINTO","NEAtl","Gadidae","HADVIa",-0.0452583819166735,0.0238641527221919,-0.0433076523403345,0.025343455984249,0.0691225346388654,0.0686511083245834,0.000471426314281972,-0.045227,0.026235,0.071462,0,0,0,1,1,1,2006,0.576469077636763,"salt","no","orange1",17,1992,78659.9,0.819337426058258,"salt","no","orange1",2
"192","WGNSDS-PLAICIS-1962-2006-MINTO","NEAtl","Pleuronectiformes","PLAICIS",-0.0198029383477242,0.054509807974501,-0.0266081950863644,0.0330732492477845,0.0743127463222252,0.0596814443341488,0.0146313019880764,-0.025648,0.048187,0.073835,0,0,0,1,1,1,2006,1.07314554899493,"salt","no","green",19,1992,12397.2,0.570370728874262,"salt","no","orange1",2
"193","WGNSDS-SOLEIS-1968-2006-MINTO","NEAtl","Pleuronectiformes","SOLEIS",-0.0124795327014427,-0.0200667695142468,-0.0193422240907094,-0.0332774504385852,-0.0075872368128041,-0.0139352263478758,0.00634798953507168,-0.031254,-0.039867,-0.008613,0,0,0,0,0,0,2006,0.364430254306365,"salt","no","red2",15,1992,5913.34,0.667981208589393,"salt","no","orange1",2
"194","WGNSSK-CODNS-1962-2007-MINTO","NEAtl","Gadidae","CODNS",-0.0351764443110957,-0.0762062403344582,-0.0348405986941085,-0.075203642389629,-0.0410297960233626,-0.0403630436955205,-0.000666752327842052,-0.028116,-0.044241,-0.016125,0,0,0,0,0,0,2006,0.187052484562661,"salt","no","red2",15,1992,836284,0.51423081154249,"salt","no","orange1",2
"195","WGNSSK-HADNS-IIIa-1963-2006-MINTO","NEAtl","Gadidae","HADNS-IIIa",-0.0460503173209071,0.0512519421738988,-0.0453207108381772,0.0537204441071349,0.0973022594948059,0.0990411549453122,-0.00173889545050628,-0.050955,0.036849,0.087804,0,0,0,1,1,1,2006,0.622940231015581,"salt","no","orange1",17,1992,1667420,0.795407275911288,"salt","no","orange1",2
"196","WGNSSK-PLAIC7d-1979-2006-MINTO","NEAtl","Pleuronectiformes","PLAIC7d",0.0808984496238648,-0.0456995813012649,0.0414726396523958,-0.0673837767855729,-0.126598030925130,-0.108856416437969,-0.0177416144871610,0.027624,-0.037616,-0.06524,1,1,1,0,0,0,NA,NA,NA,NA,"#808080",19,NA,NA,NA,NA,NA,"#808080",1
"197","WGNSSK-PLAICIIIa-1976-2006-MINTO","NEAtl","Pleuronectiformes","PLAICIIIa",-0.0265393929690787,-0.0556848279631907,-0.0114649817893818,-0.0442533994852539,-0.029145434994112,-0.0327884176958721,0.00364298270176007,-0.013681,-0.032048,-0.018367,0,0,0,0,0,0,NA,NA,NA,NA,"#808080",19,NA,NA,NA,NA,NA,"#808080",1
"198","WGNSSK-PLAICNS-1956-2006-MINTO","NEAtl","Pleuronectiformes","PLAICNS",0.00214610773435469,-0.00956260610685057,-0.0033017097868385,-0.0365747013161001,-0.0117087138412053,-0.0332729915292616,0.0215642776880563,-0.00088823,-0.025006,-0.02411777,1,0,0,0,0,0,NA,NA,NA,NA,"#808080",19,NA,NA,NA,NA,NA,"#808080",1
"199","WGNSSK-POLLNS-VI-IIIa-1964-2006-MINTO","NEAtl","Gadidae","POLLNS-VI-IIIa",-0.0483443267568872,0.0783574206500662,-0.05170062532159,0.0699666742383094,0.126701747406953,0.121667299559899,0.00503444784705408,-0.031329,0.078113,0.109442,0,0,0,1,1,1,2006,0.574980114110634,"salt","no","orange1",17,1992,1018310,0.269930571240585,"salt","no","red2",22
"200","WGNSSK-SOLENS-1956-2006-MINTO","NEAtl","Pleuronectiformes","SOLENS",-0.0199220634570321,-0.0558482003820668,-0.0126467689543015,-0.0197748651393609,-0.0359261369250347,-0.0071280961850594,-0.0287980407399753,0.0058365,-0.067382,-0.0732185,0,0,1,0,0,0,NA,NA,NA,NA,"#808080",19,NA,NA,NA,NA,NA,"#808080",1
"201","WGNSSK-SOLEVIId-1981-2006-MINTO","NEAtl","Pleuronectiformes","SOLEVIId",0.0056723122772047,-0.00898557499745575,0.0206818206136505,-0.00335700937128857,-0.0146578872746604,-0.0240388299849391,0.00938094271027864,0.022323,0.0024511,-0.0198719,1,1,1,0,0,1,NA,NA,NA,NA,"#808080",19,NA,NA,NA,NA,NA,"#808080",1
"202","WGNSSK-WHITNS-VIId-IIIa-1979-2006-MINTO","NEAtl","Gadidae","WHITNS-VIId-IIIa",-0.0464285197380024,-0.0562951143784589,-0.042841682912637,-0.0543223541245079,-0.00986659464045645,-0.0114806712118709,0.00161407657141444,-0.055745,-0.071824,-0.016079,0,0,0,0,0,0,2006,0.330166410823582,"salt","no","red2",15,1992,457963,0.890523906953182,"salt","no","orange1",2
"203","WGSSDS-PLAICCELT-1976-2006-JENNINGS","NEAtl","Pleuronectiformes","PLAICCELT",0.0842936457146799,-0.0674492025798938,0.0516580616795496,-0.0960053386106328,-0.151742848294574,-0.147663400290182,-0.00407944800439133,0.065985,-0.059241,-0.125226,1,1,1,0,0,0,2006,0.646042040944754,"salt","no","orange1",17,1992,3940.92,0.982257949920323,"salt","no","orange1",2
"204","WGSSDS-PLAICECHW-1975-2006-JENNINGS","NEAtl","Pleuronectiformes","PLAICECHW",0.078488186964328,-0.0153375633998250,0.0402747391485697,-0.0535510112155833,-0.093825750364153,-0.093825750364153,-2.77555756156289e-17,0.050525,-0.039179,-0.089704,1,1,1,0,0,0,2006,0.513540074872325,"salt","no","orange1",17,1992,7041.32,0.723159862071316,"salt","no","orange1",2
"205","WGSSDS-SOLECS-1970-2006-JENNINGS","NEAtl","Pleuronectiformes","SOLECS",-0.0537917558303348,0.0303895828994125,-0.0554649563119481,0.0274614820565891,0.0841813387297473,0.0829264383685372,0.00125490036121007,-0.047981,0.0052343,0.0532153,0,0,0,1,1,1,2006,0.900246874612497,"salt","no","orange1",17,1992,4435.45,0.861693852934877,"salt","no","orange1",2
"206","WGSSDS-SOLEVIIe-1968-2006-JENNINGS","NEAtl","Pleuronectiformes","SOLEVIIe",0.0081877547789545,-0.0108413491618060,-0.000521820239562621,-0.0292040364925129,-0.0190291039407605,-0.0286822162529503,0.0096531123121898,-0.003445,-0.014941,-0.011496,1,0,0,0,0,0,2006,0.51185109786244,"salt","no","orange1",17,1992,6877,0.611603897048131,"salt","no","orange1",2
"207","WGSSDS-WHITVIIek-1982-2007-JENNINGS","NEAtl","Gadidae","WHITVIIek",0.0679310915512303,-0.0508982543986283,0.125297022179053,-0.0293860304131947,-0.118829345949859,-0.154683052592248,0.0358537066423893,0.071317,-0.022114,-0.093431,1,1,1,0,0,0,2006,0.442524070088541,"salt","no","red2",15,1992,60728.9,0.793460774030157,"salt","no","orange1",2
